字母,等级,歌名,歌手,突变,技能,类型,双排爆点,开头描述,结尾描述,半cb,全cb,双指数,单排爆点,开头描述,结尾描述,半cb,全cb,分数,单指数
,,"微微一笑很倾城","杨洋",,,分开,136 + 367、137 + 367,A - 左边连点第 1 个^^^B - 右边连点第 2 个,A - 右边单点^^^B - 右边白球,229,522,61 - 0.5,367,B - 右边连点第 2 个,B - 右边白球,229,522,1209256,31 - 0.3
Y,9,"邮递马车","Hermann Necke",,红色,分开,252 + 372、252 + 373、252 + 374、252 + 375、252 + 376、252 + 377、252 + 378、252 + 387、252 + 388、252 + 390,B - 右边长条中间^^^B - 右边连点第 1 个,B - 左边单点、右边长条结尾^^^B - 右边单点,202,512,73 - 0.4,252,B - 右边长条中间,B - 左边单点、右边长条结尾,202,512,1370012,39 - 0.4
,,"让我心动","Apink",,红色,分开,222 + 346,B - 右边单点^^^B - 左边单点、右边白球,B - 左边白球^^^B - 右边长条结尾,173,422,62 - 0.3,346,B - 左边单点、右边白球,B - 右边长条结尾,173,422,1090372,33 - 0.5
,,"触动心触动爱","BY2",,红色,分开,40 + 249,A - 右边滑键^^^B - 左边单点,A - 右边滑键^^^B - 左边单点、右边单点,116,270,53 + 0.4,40,A - 右边滑键,A - 右边滑键,116,270,765269,28 + 0.4
,,"动物森林","范玮琪",,红色,分开,94 + 242,A - 右边滑键^^^B - 右边单点,A - 右边长条中间^^^B - 右边长条中间,124,297,52 + 0.2,242,B - 右边单点,B - 右边长条中间,124,297,837190,27 + 0.1
G,6,"给我一个理由忘记","A-Lin",,红色,分开,161 + 264,A - 左边长条中间^^^B - 右边长条开始,A - 左边白球^^^B - 左边长条结尾、右边长条开始,245,680,70 - 0.5,264,B - 右边长条开始,B - 左边长条结尾、右边长条开始,245,680,1284093,38 - 0.2
,,"Faded","Alan Walker",,红色,分开,316 + 403,B - 左边长条中间^^^B - 右边白球,B - 左边长条结尾、右边单点^^^B - 左边白球、右边长条结尾,203,475,59 + 0.1,316,B - 左边长条中间,B - 左边长条结尾、右边单点,203,475,852693,30 + 0.2
,,"Trouble Is a Friend","Lenka",,红色,分开,56 + 427、56 + 429、56 + 435、56 + 427、56 + 429、56 + 435、56 + 427、56 + 429、56 + 435、56 + 427,A - 左边长条开始、右边长条开始^^^B - 左边单点,A - 左边单点^^^B - 左边单点,249,598,65 + 0.1,427、429、435,B - 左边单点,B - 左边单点,249,598,1149587,34 - 0.5
,,"背对背拥抱","林俊杰",,红色,分开,126 + 321、127 + 321、136 + 321、171 + 321、174 + 321,A - 左边滑键^^^B - 右边白球,A - 右边滑键^^^B - 左边单点、右边单点,272,474,55 + 0.3,321,B - 右边白球,B - 左边单点、右边单点,272,474,1021510,28 + 0.0
S,9,"SHIORI","ClariS",,,分开,635 + 825、636 + 825、637 + 825、638 + 825、642 + 825、643 + 825、644 + 825、645 + 825,B - 右边连点第 1 个^^^B - 左边长条中间,B - 左边白球、右边白球^^^B - 左边白球、右边白球,419,1011,94 + 0.4,635、636、637、638、642、643、644、645,B - 右边连点第 1 个,B - 左边白球、右边白球,419,1011,2521005,48 - 0.5
,,"逆战","张杰",,红色,分开,109 + 280,A - 左边白球^^^B - 左边滑键,A - 右边白球^^^B - 左边白球,184,359,68 - 0.5,109,A - 左边白球,A - 右边白球,184,359,1177747,37 - 0.5
,,"李白","李荣浩",,,分开,313 + 375、313 + 376,B - 左边长条中间、右边连点第 1 个^^^B - 右边连点第 1 个,B - 右边连点第 2 个^^^B - 右边连点第 2 个,229,435,65 + 0.2,375、376,B - 右边连点第 1 个,B - 右边连点第 2 个,229,435,1246026,33 - 0.2
R,6,"Right Now","rihanna",,,分开,138 + 732,A - 右边单点^^^B - 右边单点,A - 左边白球^^^B - 左边单点、右边长条结尾,445,858,68 - 0.5,140,A - 右边单点,A - 右边白球,445,858,1499143,39 + 0.0
,,"Bad Romance","Lady Gaga",,红色,分开,135 + 292、273 + 315、285 + 315,A - 左边单点^^^B - 左边白球、右边单点,A - 右边白球^^^B - 左边连点第 2 个,180,362,64 + 0.0,292,B - 左边白球、右边单点,B - 左边连点第 2 个,180,362,1253720,34 + 0.0
K,9,"卡农","Pachelbel",100,,分开,268 + 881、268 + 883、269 + 881、269 + 883、270 + 881、270 + 883,A - 左边单点^^^B - 左边长条结尾、右边滑键,A - 右边单点^^^B - 左边单点,426,931,79 - 0.5,881、883,B - 左边长条结尾、右边滑键,B - 左边单点,426,931,2190598,40 - 0.5
H,7,"好想大声说喜欢你","BAAD",,,分开,82 + 328,A - 左边白球^^^B - 右边白球,A - 左边单点、右边单点^^^B - 左边单点、右边单点,252,638,74 + 0.4,328,B - 右边白球,B - 左边单点、右边单点,252,638,1466144,37 + 0.2
T,6,"Telephone","Lady GaGa",,,分开,170 + 394,A - 左边长条中间^^^B - 右边长条中间,A - 右边白球^^^B - 左边白球,280,537,63 - 0.3,170,A - 左边长条中间,A - 右边白球,280,537,1366873,32 - 0.1
J,8,"JELLY JELLY","TWICE",,,分开,520 + 583,B - 左边白球、右边长条结尾^^^B - 右边单点,B - 左边连点第 2 个^^^B - 左边白球,362,672,69 + 0.0,520、583,B - 左边白球、右边长条结尾,B - 左边连点第 2 个,362,672,1775094,35 - 0.5
G,6,"Good Time","Owl City",,红色,分开,333 + 381,B - 右边长条中间^^^B - 右边单点,B - 右边滑键^^^B - 右边白球,238,431,69 - 0.4,333,B - 右边长条中间,B - 右边滑键,238,431,1151520,35 - 0.4
A,9,"曖昧スクリーム","平野绫",,,分开,453 + 909,A - 右边白球^^^B - 右边白球,A - 左边长条结尾^^^B - 右边长条结尾,592,1143,71 + 0.2,453、909,A - 右边白球,A - 左边长条结尾,592,1143,2207115,36 - 0.4
,,"素颜","许嵩/何曼婷",,红色,分开,89 + 166,B - 左边单点^^^B - 右边长条开始,B - 右边单点^^^B - 右边单点,79,213,41 + 0.2,166,B - 右边长条开始,B - 右边单点,79,213,455494,21 - 0.3
,,"恋爱幸运曲奇","AKB48",,红色,分开,86 + 208,A - 左边长条中间^^^B - 左边单点、右边单点,A - 左边白球^^^B - 左边长条中间,168,405,51 - 0.1,86,A - 左边长条中间,A - 左边白球,168,405,847903,26 - 0.4
,,"因你而在","林俊杰",,红色,分开,177 + 258,A - 右边白球^^^B - 左边连点第 2 个,A - 左边长条中间、右边长条中间^^^B - 左边单点、右边长条开始,239,502,64 - 0.5,177,A - 右边白球,A - 左边长条中间、右边长条中间,239,502,1057926,32 + 0.3
X,6,"幸福的节拍","杨丞琳",,红色,分开,196 + 400、196 + 401,A - 右边滑键^^^B - 左边连点第 1 个,A - 左边长条结尾、右边长条结尾^^^B - 左边连点第 3 个,259,584,68 + 0.3,196,A - 右边滑键,A - 左边长条结尾、右边长条结尾,259,584,1293400,36 - 0.5
,,"恋爱循环","花泽香菜",,红色,分开,30 + 157、30 + 159,A - 右边白球^^^B - 左边单点,A - 左边单点^^^B - 左边单点,127,262,65 + 0.0,30,A - 右边白球,A - 左边单点,127,262,960180,34 + 0.0
,,"我们都一样","张杰",,,分开,261 + 320、269 + 320、270 + 320、271 + 320、272 + 320,B - 左边单点^^^B - 左边连点第 1 个,B - 左边单点^^^B - 右边单点,198,372,52 + 0.0,320,B - 左边连点第 1 个,B - 右边单点,198,372,1055003,27 + 0.0
,,"桃花旗袍","BY2",100,红色,分开,208 + 254,B - 右边白球^^^B - 右边连点第 2 个,B - 左边单点^^^B - 左边单点、右边长条结尾,142,355,65 + 0.2,236、254,B - 左边连点第 2 个,B - 左边长条结尾、右边单点,142,355,926788,36 + 0.1
,,"我乐意(QQ炫舞系列主题曲)","许嵩",,,分开,339 + 437,B - 左边单点^^^B - 左边长条开始,B - 左边连点第 2 个^^^B - 左边连点第 2 个,247,545,56 + 0.0,437,B - 左边长条开始,B - 左边连点第 2 个,247,545,1079382,28 + 0.3
X,6,"小星星","汪苏泷",,,分开,529 + 607,B - 右边白球^^^B - 左边白球,B - 左边单点、右边单点^^^B - 右边白球,307,679,71 + 0.0,607,B - 左边白球,B - 右边白球,307,679,1433278,37 - 0.1
,,"非酋","薛明媛/朱贺",,红色,分开,183 + 234、184 + 234、186 + 234、187 + 234,B - 左边单点^^^B - 右边长条中间,B - 左边白球^^^B - 右边连点第 3 个,154,344,60 + 0.1,234,B - 右边长条中间,B - 右边连点第 3 个,154,344,963281,32 + 0.1
N,9,"你，有没有过","林俊杰",100,,分开,474 + 739,B - 左边滑键、右边长条开始^^^B - 左边滑键、右边滑键,B - 右边长条中间^^^B - 右边长条中间,423,995,85 + 0.3,739,B - 左边滑键、右边滑键,B - 右边长条中间,423,995,2082404,44 + 0.3
I,7,"I Want My Tears Back","NIGHT WISH",,,分开,296 + 484,B - 右边白球^^^B - 右边长条中间,B - 左边单点、右边单点^^^B - 左边滑键、右边滑键,289,733,84 + 0.1,484,B - 右边长条中间,B - 左边滑键、右边滑键,289,733,1984420,43 - 0.2
,,"唐人","孙子涵",100,红色,分开,67 + 155、67 + 156,A - 左边单点^^^B - 左边单点,A - 右边长条中间^^^B - 右边长条结尾,136,377,54 - 0.1,67,A - 左边单点,A - 右边长条中间,136,377,904625,28 + 0.0
,,"CALL ME BABY","EXO",,红色,分开,136 + 336、137 + 336、139 + 336、140 + 336、141 + 336、142 + 336,A - 右边单点^^^B - 右边滑键,A - 右边白球^^^B - 左边滑键,173,412,62 - 0.5,136、137、139、140、141、142,A - 右边单点,A - 右边白球,173,412,944502,31 + 0.0
,,"我们不该这样的","张赫宣",,红色,分开,188 + 256,B - 左边长条开始、右边长条开始^^^B - 右边白球,B - 左边长条开始^^^B - 右边白球,112,301,68 + 0.4,256,B - 右边白球,B - 右边白球,112,301,937693,34 + 0.3
J,9,"禁绝边境线","Walküre",,,分开,567 + 661,B - 右边长条中间^^^B - 左边长条开始,B - 右边滑键^^^B - 左边白球,399,971,91 - 0.5,627,B - 右边白球,B - 右边白球,399,971,2150044,46 - 0.2
K,10,"空想神话","妖精帝国",,,分开,86 + 1033,A - 左边连点第 1 个、右边连点第 1 个^^^B - 左边长条开始、右边长条开始,A - 右边单点^^^B - 左边连点第 6 个、右边长条中间,655,1236,90 - 0.3,86,A - 左边连点第 1 个、右边连点第 1 个,A - 右边单点,655,1236,2574549,46 - 0.5
,,"FIVE","Apink",,红色,分开,183 + 327,A - 左边单点、右边单点^^^B - 左边单点、右边单点,A - 左边单点^^^B - 左边单点,239,402,58 + 0.0,183、327,A - 左边单点、右边单点,A - 左边单点,239,402,999854,29 + 0.0
,,"DAY BY DAY","T-ara",,红色,分开,101 + 217、101 + 218、101 + 217、101 + 218、101 + 217、101 + 218、101 + 217、101 + 218、101 + 217、101 + 218,A - 左边滑键^^^B - 左边单点,A - 右边白球^^^B - 左边单点,148,303,58 + 0.0,217、218,B - 左边单点,B - 左边单点,148,303,954642,30 + 0.0
,,"剩下的盛夏","TFBOYS",,红色,分开,307 + 419,B - 左边连点第 1 个^^^B - 左边单点,B - 左边长条开始、右边长条结尾^^^B - 左边白球,221,447,64 - 0.4,419,B - 左边单点,B - 左边白球,221,447,918606,32 + 0.0
W,6,"Wonderland","gugudan",,红色,分开,151 + 295、151 + 309、151 + 310、152 + 295、152 + 309、152 + 310、165 + 295、165 + 309、165 + 310、165 + 295,A - 左边单点^^^B - 左边单点,A - 右边单点^^^B - 右边单点,215,411,73 - 0.5,295、309、310,B - 左边单点,B - 右边单点,215,411,1090284,37 + 0.0
,,"小情歌","苏打绿",,红色,分开,342 + 394,B - 左边滑键^^^B - 右边白球,B - 左边单点^^^B - 右边单点,186,458,61 + 0.3,342,B - 左边滑键,B - 左边单点,186,458,1069613,31 + 0.4
,,"万有引力","汪苏泷",,红色,分开,65 + 132,B - 左边长条开始、右边长条开始^^^B - 右边长条开始,B - 左边单点、右边单点^^^B - 右边白球,62,185,46 - 0.5,65,B - 左边长条开始、右边长条开始,B - 左边单点、右边单点,62,185,497001,25 + 0.2
,,"Blue Skies","Lenka",,红色,分开,130 + 292,A - 右边长条中间^^^B - 左边白球,A - 左边单点、右边单点^^^B - 右边长条中间,184,497,62 - 0.1,130,A - 右边长条中间,A - 左边单点、右边单点,184,497,1090311,31 + 0.2
,,"Long Kiss Good Bye","Halcali",,,分开,135 + 415、135 + 416、135 + 417、136 + 415、136 + 416、136 + 417,A - 左边长条中间^^^B - 右边单点,A - 左边白球^^^B - 左边连点第 1 个,296,675,64 - 0.1,415、416、417,B - 右边单点,B - 左边连点第 1 个,296,675,1355507,32 + 0.4
,,"不完美小孩","TFBOYS",,红色,分开,332 + 390,B - 右边长条中间^^^B - 右边白球,B - 左边白球、右边白球^^^B - 右边单点,196,453,51 + 0.1,332,B - 右边长条中间,B - 左边白球、右边白球,196,453,936868,28 + 0.4
,,"娃娃脸","后弦",,,分开,99 + 168,A - 右边长条开始^^^B - 左边白球,A - 右边长条中间^^^B - 右边长条中间,141,281,35 - 0.1,99,A - 右边长条开始,A - 右边长条中间,141,281,678828,18 - 0.1
,,"Maps","Maroon 5",,红色,分开,148 + 266、148 + 267、148 + 268、148 + 269、148 + 270、148 + 271,A - 右边单点^^^B - 右边连点第 2 个,A - 左边单点、右边白球^^^B - 右边白球,176,368,69 + 0.0,148,A - 右边单点,A - 左边单点、右边白球,176,368,1172314,35 + 0.0
,,"下个，路口，见","李宇春",,红色,分开,119 + 293、119 + 298、119 + 293、119 + 298、119 + 293、119 + 298、119 + 293、119 + 298、119 + 293、119 + 298,A - 左边长条开始^^^B - 左边长条开始,A - 右边白球^^^B - 右边白球,189,377,50 + 0.0,119、124、293、298,A - 左边长条开始,A - 右边白球,189,377,712628,25 + 0.0
,,"Booty Music","Git Fresh",,红色,分开,332 + 387,B - 右边长条中间^^^B - 右边连点第 1 个,B - 左边单点^^^B - 左边长条开始,193,454,58 + 0.1,387,B - 右边连点第 1 个,B - 左边长条开始,193,454,1079417,30 + 0.3
B,7,"Bing Bing","Crayon Pop",,,分开,128 + 577、128 + 578、129 + 577、129 + 578、141 + 577、141 + 578、141 + 577、141 + 578、141 + 577、141 + 578,A - 右边单点^^^B - 左边连点第 1 个,A - 右边连点第 2 个^^^B - 左边滑键、右边长条结尾,373,720,61 - 0.2,577、578,B - 左边连点第 1 个,B - 左边滑键、右边长条结尾,373,720,1757704,32 - 0.1
,,"Just Dance","王一博",50,红色,分开,201 + 473、207 + 473,A - 左边长条开始^^^B - 右边连点第 1 个,A - 右边单点^^^B - 右边白球,275,551,71 - 0.5,473,B - 右边连点第 1 个,B - 右边白球,275,551,1235674,37 + 0.0
,,"浪漫惊喜","kent王健",,红色,分开,150 + 175、150 + 176、150 + 177、151 + 175、151 + 176、151 + 177、151 + 176、151 + 177、151 + 176、151 + 177,B - 右边单点^^^B - 右边单点,B - 右边连点第 2 个^^^B - 左边白球,106,215,51 + 0.0,175、176、177,B - 右边单点,B - 左边白球,106,215,590159,27 + 0.0
,,"你的声音不会消失","fumika",,红色,分开,225 + 313,B - 右边白球^^^B - 左边白球,B - 左边单点^^^B - 左边白球,173,399,64 + 0.1,313,B - 左边白球,B - 左边白球,173,399,1196282,32 + 0.1
,,"Animals","Maroon 5",,红色,分开,116 + 275,A - 左边长条开始、右边长条开始^^^B - 左边长条开始、右边长条开始,A - 左边长条结尾、右边长条结尾^^^B - 左边白球,180,324,55 + 0.4,275,B - 左边长条开始、右边长条开始,B - 左边白球,180,324,745900,29 + 0.3
B,6,"Bright Spring","M2U",,,分开,185 + 350、186 + 350,A - 右边长条结尾^^^B - 右边长条中间,A - 左边连点第 2 个^^^B - 左边单点,243,538,63 - 0.1,185、186,A - 右边长条结尾,A - 左边连点第 2 个,243,538,1241162,32 - 0.5
,,"走着走着就散了","庄心妍",,红色,分开,359 + 410,B - 右边连点第 1 个^^^B - 左边长条中间,B - 右边白球^^^B - 左边长条结尾、右边长条结尾,236,512,63 - 0.3,410,B - 左边长条中间,B - 左边长条结尾、右边长条结尾,236,512,1113919,32 - 0.3
,,"绿光","孙燕姿",,红色,分开,121 + 389、121 + 391、121 + 392、121 + 389、121 + 391、121 + 392、121 + 389、121 + 391、121 + 392、121 + 389,A - 右边白球^^^B - 左边单点、右边单点,A - 左边白球^^^B - 右边单点,171,437,73 + 0.0,389、391、392,B - 左边单点、右边单点,B - 右边单点,171,437,1081300,39 - 0.5
Q,8,"青鸟","生物股长",,,分开,503 + 641,B - 左边单点^^^B - 右边白球,B - 右边白球^^^B - 左边连点第 2 个,357,779,87 - 0.4,503,B - 左边单点,B - 右边白球,357,779,2215755,45 - 0.5
J,9,"Just Like Fire","P!nk",,,分开,468 + 716,B - 左边长条开始、右边单点^^^B - 左边长条开始、右边单点,B - 右边长条中间^^^B - 右边连点第 1 个,313,766,80 + 0.3,716,B - 左边长条开始、右边单点,B - 右边连点第 1 个,313,766,1987221,41 + 0.2
,,"有点甜","汪苏泷 / BY2",,红色,分开,231 + 304,B - 左边连点第 2 个^^^B - 左边连点第 1 个,B - 左边白球^^^B - 左边白球,169,356,58 + 0.0,231,B - 左边连点第 2 个,B - 左边白球,169,356,955090,30 - 0.3
,,"狂欢夜","QQ炫舞原创",,红色,分开,107 + 432、107 + 433,A - 左边连点第 1 个^^^B - 左边单点,A - 右边连点第 2 个^^^B - 右边长条结尾,158,481,64 - 0.3,432、433,B - 左边单点,B - 右边长条结尾,158,481,1022690,33 - 0.4
T,6,"太过爱你","MC梦",,红色,分开,211 + 532、211 + 533、211 + 534、211 + 535、211 + 537、211 + 532、211 + 533、211 + 534、211 + 535、211 + 537,A - 右边连点第 1 个^^^B - 右边连点第 1 个,A - 左边单点^^^B - 右边连点第 1 个,277,676,64 + 0.0,532、533、534、535、537,B - 右边连点第 1 个,B - 右边连点第 1 个,277,676,1206435,34 + 0.0
B,6,"Bo Peep Bo Peep","T-ara",,红色,分开,35 + 432、35 + 433,A - 右边单点^^^B - 左边单点,A - 左边单点^^^B - 左边白球,232,487,79 + 0.0,432、433,B - 左边单点,B - 左边白球,232,487,1340988,40 - 0.5
,,"New Divide","Linkin Park",,红色,分开,253 + 436、253 + 437、254 + 436、254 + 437,A - 右边滑键^^^B - 右边滑键,A - 右边单点^^^B - 左边连点第 2 个,299,489,58 - 0.3,436、437,B - 右边滑键,B - 左边连点第 2 个,299,489,1016109,30 + 0.1
,,"帝都","萌萌哒天团",,红色,分开,138 + 197、138 + 198,B - 左边白球^^^B - 左边连点第 1 个,B - 左边连点第 2 个^^^B - 左边长条结尾、右边单点,112,325,58 + 0.1,138,B - 左边白球,B - 左边连点第 2 个,112,325,901236,30 + 0.0
F,9,"Faded(困难版)","Alan Walker",,,分开,544 + 608、544 + 609、545 + 608、545 + 609、545 + 608、545 + 609、545 + 608、545 + 609、545 + 608、545 + 609,B - 右边单点^^^B - 左边滑键,B - 右边连点第 2 个^^^B - 左边单点,362,777,74 - 0.4,608、609,B - 左边滑键,B - 左边单点,362,777,2236379,40 + 0.0
,,"不朽之罪","双笙/玄觞",,红色,分开,195 + 255,B - 左边长条中间^^^B - 右边长条中间,B - 左边白球^^^B - 右边白球,118,309,57 + 0.4,255,B - 右边长条中间,B - 右边白球,118,309,801440,29 + 0.2
,,"Just Dance","Lady GaGa",,,分开,80 + 463,A - 右边白球^^^B - 右边单点,A - 右边单点^^^B - 右边白球,254,539,55 + 0.4,80,A - 右边白球,A - 右边单点,254,539,1142479,28 + 0.4
S,7,"什么什么","蔡依林",50,,分开,157 + 387、157 + 388、157 + 389、157 + 390、157 + 391、157 + 392、158 + 387、158 + 388、158 + 389、158 + 390,A - 右边连点第 1 个^^^B - 右边连点第 1 个,A - 右边连点第 2 个^^^B - 右边连点第 2 个,264,584,69 + 0.0,157、158、159、160、161、162、387、388、389、390,A - 右边连点第 1 个,A - 右边连点第 2 个,264,584,1524385,35 - 0.5
K,6,"KNOCK KNOCK","TWICE",,红色,分开,142 + 303、142 + 304,A - 左边长条开始^^^B - 右边滑键,A - 左边长条结尾、右边单点^^^B - 右边白球,190,507,64 - 0.2,142,A - 左边长条开始,A - 左边长条结尾、右边单点,190,507,1169486,33 - 0.4
,,"今天你要嫁给我","陶喆/蔡依林",,红色,分开,158 + 226,B - 右边单点^^^B - 左边长条中间、右边长条中间,B - 右边白球^^^B - 左边单点、右边单点,139,274,55 - 0.1,158,B - 右边单点,B - 右边白球,139,274,711308,30 + 0.0
,,"Love a Girl Right","Little Mix",,红色,分开,84 + 288,A - 左边长条开始、右边长条开始^^^B - 左边长条开始、右边长条开始,A - 左边长条结尾、右边长条结尾^^^B - 左边长条结尾、右边长条结尾,181,385,56 + 0.2,288,B - 左边长条开始、右边长条开始,B - 左边长条结尾、右边长条结尾,181,385,751449,28 + 0.1
,,"我的梦","张靓颖",,红色,分开,142 + 331、142 + 333、143 + 331、143 + 333、144 + 331、144 + 333,A - 左边单点^^^B - 左边单点,A - 右边单点^^^B - 左边单点,194,515,69 + 0.0,142、144、331、333,A - 左边单点,A - 右边单点,194,515,1046237,35 - 0.5
,,"猫步轻俏","AOA",,红色,分开,98 + 150,A - 左边白球^^^B - 左边单点,A - 左边滑键^^^B - 左边单点、右边单点,134,232,46 - 0.3,98,A - 左边白球,A - 左边滑键,134,232,659919,23 - 0.1
W,7,"我们的歌","王力宏",,,分开,57 + 402、57 + 403、57 + 402、57 + 403、57 + 402、57 + 403、57 + 402、57 + 403、57 + 402、57 + 403,A - 左边滑键^^^B - 左边滑键,A - 左边单点^^^B - 左边单点,340,672,81 + 0.0,402、403,B - 左边滑键,B - 左边单点,340,672,1716155,41 - 0.5
,,"全部都是你","Dragon Pig",,红色,分开,129 + 228、228 + 297,A - 左边单点、右边单点^^^B - 左边长条中间,A - 右边单点^^^B - 左边滑键、右边单点,168,336,54 - 0.4,228,B - 左边长条中间,B - 左边滑键、右边单点,168,336,741601,27 + 0.1
,,"可以了","陈奕迅",,红色,分开,285 + 337、285 + 338、285 + 339、285 + 340、285 + 341,B - 左边连点第 2 个^^^B - 右边单点,B - 左边白球^^^B - 左边单点,220,428,58 + 0.0,285、337、338、339、340、341,B - 左边连点第 2 个,B - 左边白球,220,428,1039168,29 + 0.0
,,"Love Story","Taylor Swift",,红色,分开,232 + 467,A - 左边单点^^^B - 左边单点,A - 左边白球^^^B - 右边单点,298,550,70 + 0.0,232,A - 左边单点,A - 左边白球,298,550,1326802,36 + 0.0
,,"Boom Clap","Charli XCX",,红色,分开,102 + 272、103 + 272,B - 左边单点^^^B - 左边白球,B - 左边单点、右边单点^^^B - 左边单点、右边单点,97,325,62 - 0.5,272,B - 左边白球,B - 左边单点、右边单点,97,325,824054,33 - 0.5
N,6,"Not Another Song About Love","Hollywood Ending",,,分开,104 + 511、106 + 511、107 + 511,A - 左边单点、右边单点^^^B - 左边白球、右边白球,A - 右边滑键^^^B - 右边单点,297,682,62 - 0.5,104、106、107,A - 左边单点、右边单点,A - 右边滑键,297,682,1341247,32 - 0.5
,,"Poker Face","Lady Gaga",,红色,分开,99 + 201、99 + 202、99 + 203、99 + 212、99 + 213、99 + 214、99 + 221、99 + 222、99 + 223、99 + 224,A - 左边单点^^^B - 左边单点,A - 左边单点、右边单点^^^B - 左边单点、右边单点,142,292,56 + 0.0,99、100、107、108、109、110、201、202、203、212,A - 左边单点,A - 左边单点、右边单点,142,292,1016444,28 + 0.0
P,10,"Play 我呸","蔡依林",,,分开,532 + 617,B - 左边连点第 2 个^^^B - 左边长条中间,B - 左边长条中间、右边滑键^^^B - 左边白球,474,931,86 - 0.5,598,B - 左边滑键、右边长条开始,B - 左边长条中间,474,931,2276896,43 + 0.4
,,"Synchronise","INFINITE",,红色,分开,254 + 537,A - 左边单点^^^B - 左边长条开始、右边长条开始,A - 左边单点^^^B - 右边连点第 3 个,294,604,58 + 0.0,537,B - 左边长条开始、右边长条开始,B - 右边连点第 3 个,294,604,1062642,30 + 0.0
,,"一笑倾城","汪苏泷",,红色,分开,307 + 359,B - 左边单点、右边单点^^^B - 右边白球,B - 左边单点^^^B - 左边单点、右边单点,205,395,58 + 0.4,359,B - 右边白球,B - 左边单点、右边单点,205,395,1032426,30 + 0.2
M,6,"没有选择","胡彦斌",,,分开,157 + 366、366 + 447,A - 右边白球^^^B - 左边长条中间,A - 左边白球^^^B - 左边长条结尾、右边滑键,261,517,63 - 0.4,366,B - 左边长条中间,B - 左边长条结尾、右边滑键,261,517,1377156,32 - 0.4
,,"当你","林俊杰",,,分开,304 + 414、305 + 414、341 + 414,B - 左边连点第 1 个^^^B - 左边单点、右边长条开始,B - 左边长条结尾、右边滑键^^^B - 左边长条中间,206,489,60 + 0.0,341,B - 左边长条中间、右边白球,B - 左边单点,206,489,1316779,30 + 0.3
,,"Checkmate","林俊杰/郑容和",,红色,分开,144 + 431,A - 左边长条中间^^^B - 左边长条中间,A - 右边单点^^^B - 右边单点,264,584,66 + 0.0,144、431,A - 左边长条中间,A - 右边单点,264,584,1053699,33 + 0.0
C,9,"Crossing Field","LiSA",,,分开,974 + 1059,B - 左边单点、右边单点^^^B - 左边白球,B - 左边长条结尾^^^B - 右边长条中间,509,1142,66 + 0.0,1059,B - 左边白球,B - 右边长条中间,509,1142,1884557,33 + 0.2
S,9,"Sparkling Daydream","ZAQ",,,分开,607 + 673、607 + 674、607 + 676、607 + 677、607 + 678、607 + 679、607 + 680,B - 左边长条开始、右边长条开始^^^B - 左边连点第 1 个,B - 右边单点^^^B - 左边白球,352,820,79 + 0.4,673、674、676、677、678、679、680,B - 左边连点第 1 个,B - 左边白球,352,820,2251580,42 - 0.5
,,"Doraradora","Fujigami Mai",,,分开,206 + 439,A - 左边长条开始^^^B - 右边长条中间,A - 右边白球^^^B - 左边单点、右边单点,259,518,61 - 0.4,206,A - 左边长条开始,A - 右边白球,259,518,1341852,31 + 0.1
D,6,"等我先说","夏天Alex",,,分开,160 + 397、161 + 397、162 + 397、163 + 397,A - 右边单点^^^B - 左边单点,A - 右边白球^^^B - 右边长条中间,231,462,63 - 0.5,397,B - 左边单点,B - 右边长条中间,231,462,1230149,32 - 0.5
,,"你的微笑","飞儿乐团",,红色,分开,172 + 477,A - 右边单点^^^B - 左边单点,A - 左边单点^^^B - 右边白球,327,625,74 - 0.5,477,B - 左边单点,B - 右边白球,327,625,1242914,39 - 0.5
,,"怎样说清此刻的心情","BY2",,红色,分开,217 + 403,A - 右边长条中间^^^B - 左边长条中间,A - 左边白球、右边长条结尾^^^B - 左边长条结尾、右边长条结尾,293,502,57 + 0.2,403,B - 左边长条中间,B - 左边长条结尾、右边长条结尾,293,502,958045,30 + 0.2
,,"Sometimes","Kat Graham",,红色,分开,26 + 102,A - 右边单点^^^A - 左边白球,A - 右边白球^^^A - 左边连点第 2 个,210,366,59 + 0.1,26,A - 右边单点,A - 右边白球,210,366,928325,31 + 0.1
*,10,"123我爱你(困难版)","新乐尘符",,,分开,310 + 701,A - 左边单点^^^B - 右边单点,A - 左边单点、右边单点^^^B - 右边白球,430,896,82 + 0.0,310,A - 左边单点,A - 左边单点、右边单点,430,896,2180988,41 + 0.0
,,"勋章","鹿晗",,红色,分开,211 + 251,B - 右边白球^^^B - 左边单点,B - 右边长条中间^^^B - 右边长条结尾,155,322,53 - 0.5,211,B - 右边白球,B - 右边长条中间,155,322,684527,27 + 0.4
B,6,"Boys","Charli XCX",,,分开,233 + 387,A - 右边白球^^^B - 右边白球,A - 左边长条中间^^^B - 左边长条中间,291,598,56 - 0.4,387,B - 右边白球,B - 左边长条中间,291,598,1238438,30 - 0.5
U,9,"UNION","OxT",,,分开,455 + 961,A - 左边长条开始、右边滑键^^^B - 左边滑键、右边长条开始,A - 左边白球^^^B - 右边白球,514,1020,81 - 0.4,455、961,A - 左边长条开始、右边滑键,A - 左边白球,514,1020,2143611,40 + 0.3
M,6,"Mimimi","Serebro",,红色,分开,344 + 383,B - 左边单点^^^B - 左边滑键,B - 右边单点^^^B - 左边单点,255,466,73 - 0.3,352,B - 左边白球,B - 右边单点,255,466,1330010,38 - 0.3
,,"淘汰","陈奕迅",,红色,分开,272 + 316,B - 右边单点^^^B - 左边长条开始,B - 右边连点第 2 个^^^B - 右边长条结尾,200,472,59 - 0.1,272,B - 右边单点,B - 右边连点第 2 个,200,472,898943,31 - 0.4
B,6,"Bad Girl","吴亦凡",,,分开,389 + 501,B - 左边连点第 1 个、右边连点第 1 个^^^B - 左边单点,B - 左边长条结尾、右边白球^^^B - 左边白球,246,605,66 + 0.2,501,B - 左边单点,B - 左边白球,246,605,1428062,34 - 0.3
Z,10,"直到世界终结(困难版)","WANDS",,,分开,784 + 890,B - 左边长条中间^^^B - 右边白球,B - 左边长条结尾、右边滑键^^^B - 左边单点、右边长条结尾,454,1054,83 + 0.3,890,B - 右边白球,B - 左边单点、右边长条结尾,454,1054,2195430,42 - 0.1
,,"爱的就是你","刘佳",,红色,分开,124 + 223,A - 右边单点^^^B - 右边连点第 1 个,A - 右边连点第 3 个^^^B - 左边长条开始,152,299,51 + 0.3,223,B - 右边连点第 1 个,B - 左边长条开始,152,299,853922,27 - 0.2
G,6,"歌谣","李荣浩",,,分开,208 + 463,A - 左边长条中间^^^B - 右边长条中间,A - 左边连点第 3 个^^^B - 左边滑键,260,574,66 - 0.3,463,B - 右边长条中间,B - 左边滑键,260,574,1409822,33 + 0.3
,,"Talk Dirty","Jason Derulo/2",,红色,分开,117 + 252,A - 右边长条中间^^^B - 右边单点,A - 右边单点^^^B - 右边白球,201,296,43 - 0.3,252,B - 右边单点,B - 右边白球,201,296,671359,23 + 0.0
,,"明天，你好","牛奶咖啡",,红色,分开,99 + 188、99 + 190,A - 左边连点第 1 个^^^B - 左边连点第 1 个,A - 左边长条结尾^^^B - 左边长条结尾,167,331,52 + 0.4,188、190,B - 左边连点第 1 个,B - 左边长条结尾,167,331,782978,26 + 0.3
,,"小酒窝","林俊杰",,红色,分开,137 + 227、137 + 228、137 + 227、137 + 228、137 + 227、137 + 228、137 + 227、137 + 228、137 + 227、137 + 228,A - 右边单点^^^B - 右边单点,A - 右边白球^^^B - 左边连点第 2 个,166,311,55 + 0.0,137、140,A - 右边单点,A - 右边白球,166,311,906061,28 + 0.0
T,8,"the WORLD","Nightmare",,,分开,373 + 826,A - 左边单点、右边单点^^^B - 左边单点、右边单点,A - 右边滑键^^^B - 左边长条结尾、右边长条结尾,605,1076,69 - 0.4,373、826,A - 左边单点、右边单点,A - 右边滑键,605,1076,1796314,34 + 0.3
,,"Always Online","林俊杰",,红色,分开,142 + 351,A - 左边连点第 1 个^^^B - 左边连点第 1 个,A - 右边连点第 2 个^^^B - 左边长条结尾、右边白球,239,441,51 - 0.1,142,A - 左边连点第 1 个,A - 右边连点第 2 个,239,441,965120,27 + 0.0
B,8,"Bubble Pop!","泫雅",,,分开,220 + 531、238 + 531,A - 右边单点^^^B - 左边单点,A - 左边长条结尾、右边白球^^^B - 左边白球,321,597,68 - 0.4,220、238,A - 右边单点,A - 左边长条结尾、右边白球,321,597,1606745,35 - 0.5
L,6,"Landing","温岚",,红色,分开,304 + 364,B - 左边单点、右边单点^^^B - 左边单点,B - 右边长条结尾^^^B - 左边滑键、右边滑键,212,414,72 - 0.5,364,B - 左边单点,B - 左边滑键、右边滑键,212,414,1232971,39 - 0.5
K,10,"克罗地亚狂想曲","马克西姆",,,分开,147 + 208、147 + 209、147 + 210、147 + 212、147 + 466、147 + 467、147 + 468、147 + 470、148 + 208、148 + 209,A - 右边连点第 2 个^^^A - 左边连点第 2 个,A - 右边白球^^^A - 左边白球,395,719,92 + 0.0,147、148、149、151、209、210、212、466、467、468,A - 右边连点第 2 个,A - 右边白球,395,719,2488826,46 + 0.0
,,"Wind flower","MAMAMOO",,,分开,160 + 390、160 + 395、165 + 390、165 + 395,A - 左边长条开始^^^B - 右边长条开始,A - 右边白球^^^B - 左边白球,257,521,65 + 0.4,160、165、390、395,A - 左边长条开始,A - 右边白球,257,521,1245953,33 - 0.3
I,8,"I Knew You Were Trouble","Taylor Swift",,,分开,299 + 529、299 + 530,A - 右边白球^^^B - 左边单点,A - 右边长条中间^^^B - 左边长条结尾,427,689,64 - 0.3,299,A - 右边白球,A - 右边长条中间,427,689,1449817,33 - 0.1
,,"漫时光","QQ炫舞",,,分开,262 + 409,B - 左边单点^^^B - 右边单点,B - 左边长条结尾^^^B - 左边长条结尾、右边长条结尾,261,445,52 + 0.3,409,B - 右边单点,B - 左边长条结尾、右边长条结尾,261,445,1065576,26 + 0.4
Y,9,"一吻天荒","胡歌",,,分开,592 + 1145,B - 左边长条开始、右边长条开始^^^B - 左边白球,B - 左边长条结尾、右边长条结尾^^^B - 左边长条中间、右边长条中间,343,1215,77 + 0.0,592,B - 左边长条开始、右边长条开始,B - 左边长条结尾、右边长条结尾,343,1215,2041992,39 - 0.4
,,"HURT","Jasmine Sokko",,红色,分开,102 + 244、103 + 244、104 + 244、109 + 244、110 + 244、111 + 244、112 + 244、113 + 244、114 + 244,A - 左边白球^^^B - 右边单点,A - 左边单点^^^B - 右边单点,149,288,61 - 0.5,102、103、104、109、110、111、112、113、114,A - 左边白球,A - 左边单点,149,288,840918,31 + 0.0
,,"丑八怪","薛之谦",,红色,分开,129 + 379,A - 左边白球^^^B - 右边白球,A - 右边长条中间^^^B - 左边长条中间,204,536,75 + 0.0,129、379,A - 左边白球,A - 右边长条中间,204,536,1291675,38 - 0.5
Q,8,"前尘","SING女团",,红色,分开,168 + 439、169 + 439、170 + 439、172 + 439、173 + 439、174 + 439、175 + 439、176 + 439,A - 右边连点第 2 个^^^B - 右边单点,A - 左边白球^^^B - 左边白球,295,556,87 + 0.0,168、169、170、172、173、174、175、176,A - 右边连点第 2 个,A - 左边白球,295,556,1566617,46 + 0.0
,,"后会无期","徐良/汪苏泷",,红色,分开,84 + 183、84 + 194、84 + 183、84 + 194、84 + 183、84 + 194、84 + 183、84 + 194、84 + 183、84 + 194,A - 右边单点^^^B - 左边单点,A - 左边白球^^^B - 右边白球,115,251,44 + 0.0,183、194,B - 左边单点,B - 右边白球,115,251,556788,22 + 0.0
B,7,"表白","萧亚轩",,红色,分开,234 + 529,B - 左边单点^^^B - 左边长条中间,B - 左边长条结尾、右边单点^^^B - 左边单点,233,569,73 - 0.2,529,B - 左边长条中间,B - 左边单点,233,569,1359998,37 + 0.3
R,9,"Rookie","Red Velvet",,,分开,199 + 536、199 + 537、199 + 538、200 + 536、200 + 537、200 + 538、201 + 536、201 + 537、201 + 538,A - 右边连点第 1 个^^^B - 右边连点第 1 个,A - 左边连点第 2 个^^^B - 右边连点第 2 个,240,608,69 + 0.0,536、537、538,B - 右边连点第 1 个,B - 右边连点第 2 个,240,608,1665130,35 + 0.0
Q,7,"七年的爱","金贤政",,红色,分开,285 + 354,B - 右边连点第 2 个^^^B - 左边白球,B - 左边长条结尾、右边白球^^^B - 右边单点,185,577,66 - 0.4,354,B - 左边白球,B - 右边单点,185,577,1140432,33 + 0.0
R,9,"Rolling Star","YUI",20,,分开,371 + 833,A - 右边单点^^^B - 左边连点第 1 个,A - 右边单点^^^B - 左边单点,423,927,75 + 0.4,833,B - 左边连点第 1 个,B - 左边单点,423,927,1710301,38 + 0.4
,,"做我的唯一","新乐尘符/贺子玲",,红色,分开,118 + 239、118 + 253,A - 左边单点^^^B - 左边单点,A - 左边白球^^^B - 左边白球,166,298,65 - 0.5,239、253,B - 左边单点,B - 左边白球,166,298,936946,33 - 0.5
,,"太阳雨","QQ炫舞原创",,红色,分开,47 + 118,A - 左边单点^^^B - 右边长条开始,A - 左边长条中间^^^B - 左边白球,87,176,39 - 0.1,118,B - 右边长条开始,B - 左边白球,87,176,428667,19 + 0.2
W,6,"望","张碧晨/赵丽颖",,红色,分开,321 + 427,B - 左边滑键^^^B - 右边长条中间,B - 左边连点第 2 个、右边连点第 2 个^^^B - 左边连点第 2 个,193,587,72 - 0.3,427,B - 右边长条中间,B - 左边连点第 2 个,193,587,1257570,37 - 0.3
,,"凉凉","杨宗纬/张碧晨",,红色,分开,342 + 423,B - 左边白球^^^B - 右边白球,B - 左边滑键^^^B - 右边长条中间,158,468,51 - 0.1,342,B - 左边白球,B - 左边滑键,158,468,784785,27 + 0.0
,,"Rage Your Dream","M.O.V.E",,,分开,273 + 428、273 + 429、273 + 430、273 + 431、273 + 432、273 + 434、273 + 435、273 + 428、273 + 429、273 + 430,A - 右边滑键^^^B - 右边单点,A - 左边长条结尾、右边单点^^^B - 左边白球,339,645,65 - 0.5,273、274,A - 右边滑键,A - 左边长条结尾、右边单点,339,645,1408073,33 + 0.0
L,10,"恋人募集中","天月-あまつき-",,,分开,611 + 803,B - 左边长条中间^^^B - 左边白球,B - 左边单点^^^B - 左边长条中间,466,1014,76 + 0.3,611,B - 左边长条中间,B - 左边单点,466,1014,2000972,39 - 0.4
,,"Born This Way","Lady Gaga",,红色,分开,99 + 153、99 + 154、99 + 155、99 + 156、100 + 153、100 + 154、100 + 155、100 + 156、100 + 153、100 + 154,A - 左边单点^^^A - 右边连点第 1 个,A - 左边单点^^^A - 左边白球,209,481,62 + 0.4,153、154、155、156,A - 右边连点第 1 个,A - 左边白球,209,481,1204773,32 - 0.1
W,6,"What Makes You Beautiful","One Direction",50,红色,分开,414 + 498,B - 左边白球^^^B - 右边长条中间,B - 左边长条中间、右边白球^^^B - 左边长条结尾、右边长条结尾,223,563,66 + 0.0,498,B - 右边长条中间,B - 左边长条结尾、右边长条结尾,223,563,1154239,33 + 0.3
W,9,"无可取代","李雪岩",,,分开,134 + 1102,A - 右边白球^^^B - 右边单点,A - 左边单点^^^B - 左边滑键、右边长条中间,534,1170,88 + 0.2,134,A - 右边白球,A - 左边单点,534,1170,2555677,45 - 0.5
,,"No","CLC",,,分开,117 + 256、117 + 258、117 + 256、117 + 258、117 + 256、117 + 258、117 + 256、117 + 258、117 + 256、117 + 258,A - 左边单点^^^B - 左边单点,A - 右边白球^^^B - 右边滑键,228,534,52 + 0.0,256、258,B - 左边单点,B - 右边滑键,228,534,1118241,27 - 0.5
,,"再见安打","唐禹哲",,红色,分开,51 + 169,A - 右边单点^^^B - 左边单点、右边单点,A - 左边单点、右边单点^^^B - 左边长条结尾,91,276,49 + 0.4,169,B - 左边单点、右边单点,B - 左边长条结尾,91,276,655314,25 - 0.5
,,"相信未来","MIC男团",,红色,分开,146 + 247、147 + 247,A - 左边单点^^^B - 右边单点,A - 右边单点^^^B - 左边白球,192,440,57 + 0.0,247,B - 右边单点,B - 左边白球,192,440,1030910,29 - 0.5
F,10,"Flower Dance(困难版)","DJ OKAWARI",,,分开,291 + 408、291 + 409、291 + 411、291 + 412、291 + 413、291 + 414、291 + 415、292 + 408、292 + 409、292 + 411,B - 左边单点^^^B - 右边单点,B - 右边单点^^^B - 左边单点,259,647,79 + 0.0,408、409、411、412、413、414、415,B - 右边单点,B - 左边单点,259,647,1880492,40 + 0.0
C,9,"Candy Pop","TWICE",,,分开,212 + 298、233 + 298、234 + 298、236 + 298、298 + 513,A - 右边白球^^^B - 左边滑键,A - 左边滑键、右边滑键^^^B - 右边单点,298,686,70 + 0.0,212、298、513,A - 右边白球,A - 左边滑键、右边滑键,298,686,1679077,35 + 0.0
W,9,"Whistle(困难版)","Flo Rida",,,分开,359 + 466、360 + 466、361 + 466,A - 左边单点^^^A - 右边连点第 1 个,A - 右边白球^^^A - 右边白球,527,1241,73 - 0.5,466,A - 右边连点第 1 个,A - 右边白球,527,1241,2422903,39 - 0.5
,,"Numb","Linkin Park",,红色,分开,149 + 385,A - 左边白球^^^B - 左边单点、右边长条中间,A - 左边单点、右边单点^^^B - 右边白球,200,492,81 + 0.3,385,B - 左边单点、右边长条中间,B - 右边白球,200,492,1073355,43 + 0.2
B,9,"Be My Baby","Wonder Girls",,,分开,204 + 275、204 + 276、204 + 277、275 + 522、276 + 522、277 + 522,A - 右边单点^^^A - 左边单点,A - 左边长条结尾、右边白球^^^A - 左边长条结尾、右边白球,483,767,71 - 0.5,275、276、277,A - 左边单点,A - 左边长条结尾、右边白球,483,767,1844215,36 - 0.5
A,7,"Apple Is A","T-ara",,红色,分开,127 + 356、128 + 356、129 + 356、130 + 356、131 + 356,A - 右边连点第 1 个^^^B - 左边单点,A - 右边白球^^^B - 左边单点、右边单点,192,385,68 + 0.0,127、128、129、130、131,A - 右边连点第 1 个,A - 右边白球,192,385,1041586,35 + 0.0
,,"淋雨一直走","张韶涵",,红色,分开,105 + 261、105 + 263、106 + 261、106 + 263,A - 右边长条中间^^^B - 右边单点,A - 左边单点^^^B - 左边单点、右边长条结尾,166,351,68 - 0.2,261、263,B - 右边单点,B - 左边单点、右边长条结尾,166,351,824953,35 + 0.3
,,"Try Everything","Shakira",,,分开,99 + 413、100 + 413,A - 右边单点^^^B - 右边长条中间,A - 左边白球^^^B - 右边滑键,233,489,55 - 0.4,413,B - 右边长条中间,B - 右边滑键,233,489,1142926,27 + 0.4
,,"千年","SING女团",,红色,分开,165 + 221、165 + 226、165 + 221、165 + 226、165 + 221、165 + 226、165 + 221、165 + 226、165 + 221、165 + 226,B - 左边单点、右边滑键^^^B - 左边滑键、右边单点,B - 左边单点^^^B - 右边单点,113,260,65 + 0.0,165、170、221、226,B - 左边单点、右边滑键,B - 左边单点,113,260,917409,33 - 0.5
W,7,"What if(QQ炫舞手游原创音乐)","TetraCalyx",,红色,分开,135 + 280,A - 右边白球^^^B - 左边连点第 1 个,A - 左边长条中间^^^B - 右边长条中间,182,462,63 + 0.4,135,A - 右边白球,A - 左边长条中间,182,462,1150903,32 - 0.2
F,9,"Fight For You","潘玮柏",,,分开,198 + 260,A - 右边单点^^^A - 左边连点第 2 个,A - 左边连点第 2 个^^^A - 左边长条结尾、右边长条结尾,498,1104,77 + 0.0,260,A - 左边连点第 2 个,A - 左边长条结尾、右边长条结尾,498,1104,1995015,39 + 0.0
J,7,"君にふれて","安月名莉子",,,分开,177 + 677,A - 右边长条中间^^^B - 左边长条中间,A - 左边单点^^^B - 右边单点,468,965,62 - 0.4,177、677,A - 右边长条中间,A - 左边单点,468,965,1608190,31 - 0.2
,,"吸引定律","Awaken-F",,红色,分开,116 + 258,A - 左边长条开始^^^B - 右边长条开始,A - 右边白球^^^B - 左边白球,167,340,52 + 0.0,116、258,A - 左边长条开始,A - 右边白球,167,340,858581,26 + 0.0
J,6,"Jar Of Love","曲婉婷",,,分开,308 + 380,B - 左边单点、右边长条中间^^^B - 左边单点,B - 左边连点第 2 个、右边连点第 2 个^^^B - 左边长条中间,194,564,71 - 0.2,308,B - 左边单点、右边长条中间,B - 左边连点第 2 个、右边连点第 2 个,194,564,1439941,36 + 0.3
,,"LOVE IT LIVE IT","YDPP",,红色,分开,146 + 227、147 + 227,A - 左边单点^^^B - 右边单点,A - 右边白球^^^B - 左边白球,192,454,56 + 0.0,227,B - 右边单点,B - 左边白球,192,454,1022307,28 + 0.0
,,"Hola","Flo Rida/Maluma",,红色,分开,45 + 212,A - 左边长条开始^^^B - 右边白球,A - 左边滑键^^^B - 左边长条中间,156,295,54 - 0.1,45,A - 左边长条开始,A - 左边滑键,156,295,859066,28 + 0.0
S,9,"SUNSET","TWICE",,,分开,134 + 786、487 + 786,A - 右边连点第 3 个^^^B - 左边白球,A - 左边单点^^^B - 左边单点,468,987,71 + 0.3,786,B - 左边白球,B - 左边单点,468,987,2104235,36 + 0.1
,,"萤火","TFBOYS",,红色,分开,213 + 252,B - 右边滑键^^^B - 左边单点,B - 右边单点^^^B - 左边长条中间,133,314,57 + 0.1,213,B - 右边滑键,B - 右边单点,133,314,941798,29 - 0.1
S,6,"Sky","Steerner",,红色,分开,83 + 385,A - 左边单点^^^B - 右边白球,A - 左边单点^^^B - 右边长条中间,192,548,66 + 0.1,83,A - 左边单点,A - 左边单点,192,548,1283176,36 + 0.0
,,"棉花糖","至上励合",,红色,分开,103 + 133、103 + 134、103 + 135、103 + 148、103 + 134、103 + 135、103 + 148、103 + 134、103 + 135、103 + 148,B - 右边白球^^^B - 右边单点,B - 右边白球^^^B - 左边白球,95,228,46 + 0.0,133、134、135、148,B - 右边单点,B - 左边白球,95,228,632931,23 + 0.0
,,"You Are","GOT7",100,红色,分开,281 + 347,B - 右边长条中间^^^B - 左边长条开始,B - 左边单点、右边单点^^^B - 左边单点、右边长条结尾,188,443,60 - 0.3,347,B - 左边长条开始,B - 左边单点、右边长条结尾,188,443,795704,32 + 0.3
L,6,"Look What You Made Me Do","Taylor Swift",,红色,分开,211 + 361、211 + 362、211 + 361、211 + 362、211 + 361、211 + 362、211 + 361、211 + 362、211 + 361、211 + 362,B - 右边白球^^^B - 左边滑键,B - 左边单点、右边单点^^^B - 左边连点第 2 个,153,402,65 - 0.5,361、362,B - 左边滑键,B - 左边连点第 2 个,153,402,1203147,33 - 0.5
,,"长腿叔叔","袁娅维",,红色,分开,309 + 378,B - 左边滑键、右边单点^^^B - 左边长条开始,B - 左边长条中间、右边长条中间^^^B - 左边长条结尾,176,417,62 + 0.1,309,B - 左边滑键、右边单点,B - 左边长条中间、右边长条中间,176,417,847019,32 - 0.4
,,"Enough","GOT7",,,分开,194 + 352、194 + 353、194 + 354、194 + 355、195 + 352、195 + 353、195 + 354、195 + 355、196 + 352、196 + 353,A - 左边连点第 1 个^^^B - 左边连点第 1 个,A - 左边连点第 1 个^^^B - 右边单点,258,543,56 + 0.0,352、353、354、355,B - 左边连点第 1 个,B - 右边单点,258,543,1181212,29 + 0.0
,,"回忆那么伤","孙子涵",,红色,分开,331 + 360、332 + 360,B - 左边滑键^^^B - 左边单点,B - 右边连点第 2 个^^^B - 右边长条中间,155,414,60 + 0.1,334、340、341,B - 右边单点,B - 左边长条结尾、右边单点,155,414,999556,32 - 0.5
B,6,"白骑士","QQ炫舞原创",,,分开,355 + 419、355 + 549、355 + 550,B - 左边长条结尾、右边白球^^^B - 右边白球,B - 右边连点第 2 个^^^B - 右边单点,298,605,61 - 0.1,355,B - 左边长条结尾、右边白球,B - 右边连点第 2 个,298,605,1205106,31 + 0.1
,,"1234","韩安旭",,红色,分开,150 + 305,A - 右边单点^^^B - 左边单点,A - 左边白球^^^B - 右边白球,209,402,62 + 0.0,150、305,A - 右边单点,A - 左边白球,209,402,1023861,31 + 0.0
,,"第一次爱的人","王心凌",,红色,分开,89 + 295,A - 左边长条开始、右边长条结尾^^^B - 左边长条中间、右边长条中间,A - 右边单点^^^B - 右边白球,249,500,60 + 0.2,89,A - 左边长条开始、右边长条结尾,A - 右边单点,249,500,918591,31 + 0.2
M,8,"My Song","花泽香菜",,,分开,262 + 541、269 + 541,A - 左边白球^^^B - 右边白球,A - 左边单点^^^B - 右边单点,341,654,74 + 0.0,541,B - 右边白球,B - 右边单点,341,654,1637698,38 - 0.5
,,"直到世界终结 ","WANDS",,红色,分开,154 + 190,B - 左边白球^^^B - 右边白球,B - 左边长条开始^^^B - 左边长条中间,122,363,61 + 0.3,154,B - 左边白球,B - 左边长条开始,122,363,829092,31 - 0.2
B,8,"Baby Boy","王心凌",,,分开,445 + 699,B - 左边白球、右边白球^^^B - 左边白球、右边白球,B - 右边白球^^^B - 左边白球,330,789,84 - 0.2,445,B - 左边白球、右边白球,B - 右边白球,330,789,2083048,43 - 0.4
,,"Everything I Need","Skylar Grey",,,分开,188 + 404、404 + 480,A - 左边长条中间^^^B - 右边滑键,A - 右边白球^^^B - 右边长条开始,314,722,52 + 0.2,404,B - 右边滑键,B - 右边长条开始,314,722,1136484,27 + 0.4
M,8,"冒险蓝图","Chic Chili",,,分开,205 + 610、205 + 611、206 + 610、206 + 611,A - 右边连点第 2 个^^^B - 左边连点第 2 个,A - 右边白球^^^B - 左边白球,461,866,72 + 0.0,205、206、610、611,A - 右边连点第 2 个,A - 右边白球,461,866,1869014,36 + 0.0
B,6,"Baby","Justin Bieber",,红色,分开,126 + 198、126 + 215、126 + 345、126 + 362、126 + 417、126 + 434、143 + 198、143 + 215、143 + 345、143 + 362,A - 左边滑键、右边单点^^^A - 左边单点、右边滑键,A - 左边单点^^^A - 右边单点,270,523,65 - 0.2,126、143、198、215、345、362、417、434,A - 左边滑键、右边单点,A - 左边单点,270,523,1203370,32 + 0.4
Z,6,"再快乐一点","张韶涵",,,分开,151 + 465,A - 左边长条中间^^^B - 右边长条中间,A - 右边单点^^^B - 左边单点,328,730,56 - 0.4,151、465,A - 左边长条中间,A - 右边单点,328,730,1173727,28 - 0.2
C,9,"Crash","The Primitives",,,分开,660 + 726,B - 左边白球、右边长条中间^^^B - 左边长条开始、右边长条开始,B - 左边白球^^^B - 左边长条结尾、右边连点第 1 个,335,836,73 + 0.4,660,B - 左边白球、右边长条中间,B - 左边白球,335,836,1831535,40 - 0.5
X,10,"星月夜","和楽器バンド",,,分开,267 + 318、268 + 318、269 + 318、271 + 318,A - 左边连点第 1 个^^^A - 左边单点,A - 左边单点^^^A - 左边白球,527,950,93 + 0.0,285,A - 右边连点第 2 个,A - 左边滑键、右边单点,527,950,2341606,47 + 0.3
Q,6,"乞丐","摩登兄弟",,,分开,186 + 479、186 + 480、187 + 479、187 + 480,A - 左边单点^^^B - 右边单点,A - 左边连点第 1 个^^^B - 右边连点第 1 个,264,530,64 + 0.4,186、187、479、480,A - 左边单点,A - 左边连点第 1 个,264,530,1298294,32 + 0.2
B,6,"BONAMANA","Super Junior",,,分开,255 + 309,B - 右边白球^^^B - 右边单点,B - 左边单点^^^B - 右边白球,146,378,70 + 0.0,309,B - 右边单点,B - 右边白球,146,378,1342896,35 + 0.0
W,8,"What U Do to Me","Roshelle",,,分开,171 + 826、174 + 826、462 + 826、465 + 826,A - 左边长条中间^^^B - 右边单点,A - 左边滑键、右边长条开始^^^B - 左边长条开始、右边滑键,448,941,72 + 0.2,826,B - 右边单点,B - 左边长条开始、右边滑键,448,941,2009140,36 + 0.3
,,"越来越近","苏醒",,红色,分开,151 + 255、255 + 388、255 + 454,A - 左边单点^^^B - 左边连点第 1 个,A - 右边白球^^^B - 右边长条结尾,213,497,58 - 0.1,255,B - 左边连点第 1 个,B - 右边长条结尾,213,497,1044136,30 - 0.3
,,"You(=I)","脸红的思春期",,红色,分开,86 + 264、86 + 272、86 + 273、86 + 275、86 + 276,A - 左边白球^^^B - 右边单点,A - 左边单点^^^B - 左边单点,156,332,61 + 0.0,86,A - 左边白球,A - 左边单点,156,332,1041768,31 + 0.0
,,"OKAY","王嘉尔",,红色,分开,271 + 405、271 + 406、272 + 405、272 + 406、272 + 405、272 + 406、272 + 405、272 + 406、272 + 405、272 + 406,B - 右边滑键^^^B - 右边单点,B - 左边连点第 2 个^^^B - 左边连点第 2 个,202,438,54 + 0.0,405、406,B - 右边单点,B - 左边连点第 2 个,202,438,885521,27 + 0.0
,,"勇往直前恋上你","王霏霏/赵天宇",,红色,分开,94 + 247,A - 左边白球^^^B - 左边单点,A - 左边连点第 2 个^^^B - 左边长条开始,168,325,67 + 0.1,94,A - 左边白球,A - 左边连点第 2 个,168,325,914197,34 + 0.0
N,7,"narrative","泽野弘之/LiSA",,,分开,78 + 408、78 + 423,A - 左边白球^^^B - 右边白球,A - 左边单点^^^B - 左边连点第 2 个,377,816,56 - 0.2,408、423,B - 右边白球,B - 左边连点第 2 个,377,816,1392722,28 - 0.1
L,8,"凉凉(困难版)","杨宗纬/张碧晨",,,分开,342 + 1045,A - 右边长条中间^^^B - 右边长条中间,A - 右边单点^^^B - 左边单点,671,1333,82 - 0.3,1045,B - 右边长条中间,B - 左边单点,671,1333,2489587,43 - 0.4
T,6,"Timber","Pitbull",,,分开,455 + 546、456 + 546、457 + 546,B - 右边连点第 2 个^^^B - 左边连点第 2 个,B - 左边白球^^^B - 左边长条结尾、右边单点,236,610,70 + 0.0,546,B - 左边连点第 2 个,B - 左边长条结尾、右边单点,236,610,1378256,35 + 0.2
,,"就喜欢你","董又霖",,红色,分开,105 + 281、105 + 282,A - 左边单点、右边滑键^^^B - 右边单点,A - 右边长条开始^^^B - 左边长条结尾、右边单点,169,324,56 + 0.3,281、282,B - 右边单点,B - 左边长条结尾、右边单点,169,324,812886,29 + 0.0
Y,7,"鹦鹉","任然",,,分开,378 + 710、378 + 711、379 + 710、379 + 711,A - 左边连点第 1 个^^^B - 右边连点第 1 个,A - 左边单点^^^B - 右边单点,461,794,71 + 0.0,378、379、710、711,A - 左边连点第 1 个,A - 左边单点,461,794,1563194,36 - 0.5
N,10,"Naruto Main Theme","六三四",,,分开,1263 + 1360、1264 + 1360,B - 左边单点^^^B - 左边单点、右边长条开始,B - 左边白球^^^B - 右边单点,760,1467,78 - 0.2,1263、1264,B - 左边单点,B - 左边白球,760,1467,2695033,40 - 0.5
,,"No One Else Like You","Adam Levine",,红色,分开,99 + 153、100 + 153、101 + 153、102 + 153、103 + 153、110 + 153,A - 左边滑键^^^A - 左边白球,A - 右边单点^^^A - 右边长条中间,208,409,52 - 0.3,120、121,A - 左边滑键,A - 右边单点,208,409,855114,27 - 0.2
H,6,"喊出我的名字","创造营2019学员",,红色,分开,179 + 334、179 + 335、179 + 336,A - 左边单点^^^B - 右边长条结尾,A - 左边白球^^^B - 左边单点,226,446,68 + 0.0,334、335、336,B - 右边长条结尾,B - 左边单点,226,446,1172077,35 - 0.5
*,9,"101个愿望","火箭少女101杨超越/火箭少女101赖美云/火箭少女101傅菁",,,分开,208 + 677、290 + 677、599 + 677、677 + 755,A - 左边滑键、右边单点^^^B - 左边滑键、右边单点,A - 右边白球^^^B - 右边白球,407,879,70 - 0.5,677,B - 左边滑键、右边单点,B - 右边白球,407,879,1981744,35 + 0.0
T,7,"Take My Hand","Simple Plan",,,分开,168 + 392、392 + 547,A - 右边长条开始^^^B - 右边长条中间,A - 左边长条结尾、右边长条结尾^^^B - 左边白球,368,767,66 - 0.2,392,B - 右边长条中间,B - 左边白球,368,767,1416369,35 + 0.1
R,6,"Ring Ding Dong","SHINee",,红色,分开,128 + 319,A - 右边单点^^^B - 左边单点,A - 右边单点^^^B - 左边单点,215,449,70 - 0.4,128、319,A - 右边单点,A - 右边单点,215,449,1217073,35 - 0.2
,,"一舞钟情","A-Lin",,红色,分开,89 + 289,A - 右边长条开始^^^B - 左边长条开始,A - 左边白球^^^B - 右边白球,191,429,64 - 0.1,289,B - 左边长条开始,B - 右边白球,191,429,1037687,33 + 0.2
W,9,"Wake up!","AAA",,,分开,316 + 441,B - 左边长条中间^^^B - 右边白球,B - 左边长条结尾、右边长条结尾^^^B - 左边长条中间、右边长条中间,242,747,93 + 0.4,441,B - 右边白球,B - 左边长条中间、右边长条中间,242,747,1947646,50 + 0.3
,,"Monsters","Katie Sky",,红色,分开,73 + 209,A - 右边单点^^^B - 右边单点,A - 右边白球^^^B - 左边连点第 2 个,172,350,54 - 0.5,73,A - 右边单点,A - 右边白球,172,350,768443,28 - 0.5
,,"We are the stars(QQ炫舞手游原创音乐)","Osz",,红色,分开,315 + 420,B - 右边单点^^^B - 右边单点,B - 右边白球^^^B - 右边单点,285,511,53 + 0.2,420,B - 右边单点,B - 右边单点,285,511,919317,27 - 0.1
G,10,"Get It On The Floor","DMX",,,分开,373 + 732,A - 右边白球^^^B - 右边白球,A - 右边连点第 2 个^^^B - 右边连点第 2 个,447,836,76 + 0.0,373、732,A - 右边白球,A - 右边连点第 2 个,447,836,2193608,38 + 0.0
T,8,"to the beginning","Kalafina",,,分开,791 + 866,B - 左边单点、右边单点^^^B - 右边长条开始,B - 右边单点^^^B - 左边长条结尾、右边长条结尾,625,949,73 - 0.4,866,B - 右边长条开始,B - 左边长条结尾、右边长条结尾,625,949,1667763,37 + 0.3
C,9,"chAngE","miwa",,,分开,48 + 216,A - 左边单点^^^A - 左边长条开始、右边单点,A - 左边滑键^^^A - 左边单点,412,864,75 - 0.2,48,A - 左边单点,A - 左边滑键,412,864,2189743,39 + 0.0
,,"我曾","1908公社",,红色,分开,53 + 247、54 + 247、56 + 247,A - 右边滑键^^^B - 右边连点第 1 个,A - 左边单点^^^B - 左边白球,165,355,61 + 0.2,247,B - 右边连点第 1 个,B - 左边白球,165,355,959653,31 - 0.4
*,9,"ヒトガタ","HIMEHINA",,,分开,19 + 453、19 + 454、19 + 455、19 + 456、19 + 457、19 + 458、19 + 459、19 + 460、19 + 461、19 + 462,A - 右边单点^^^B - 左边单点,A - 右边滑键^^^B - 左边单点,430,794,89 - 0.5,19,A - 右边单点,A - 右边滑键,430,794,1980761,47 - 0.5
I,6,"I Love You","EXID",,红色,分开,81 + 319,A - 左边白球^^^B - 左边白球,A - 左边长条开始^^^B - 右边长条开始,213,471,64 - 0.2,81,A - 左边白球,A - 左边长条开始,213,471,1171708,32 + 0.4
,,"黑暗骑士","林俊杰/五月天",,,分开,190 + 542、191 + 542、192 + 542,A - 右边单点^^^B - 左边单点,A - 左边长条结尾、右边单点^^^B - 左边白球,314,594,64 + 0.4,190、191、192,A - 右边单点,A - 左边长条结尾、右边单点,314,594,1275464,33 + 0.4
,,"最好的天气","郭采洁",,,分开,351 + 406,B - 左边单点^^^B - 左边单点,B - 右边长条开始^^^B - 右边单点,197,489,53 - 0.5,351,B - 左边单点,B - 右边长条开始,197,489,1018534,26 + 0.4
,,"Flower Dance","DJ OKAWARI",,红色,分开,65 + 178,A - 左边连点第 2 个^^^B - 左边单点,A - 左边白球^^^B - 左边滑键,129,272,52 + 0.0,178,B - 左边单点,B - 左边滑键,129,272,628290,27 + 0.0
,,"稀罕没理由","潘玮柏",,红色,分开,117 + 181、117 + 182、117 + 181、117 + 182、117 + 181、117 + 182、117 + 181、117 + 182、117 + 181、117 + 182,B - 左边单点^^^B - 右边单点,B - 左边白球^^^B - 右边白球,115,202,47 - 0.5,117、119,B - 左边单点,B - 左边白球,115,202,531166,24 - 0.5
Y,7,"月光传说","桃色幸运草Z",,,分开,207 + 381、207 + 579、381 + 579,A - 左边白球^^^B - 右边白球,A - 右边白球^^^B - 左边白球,249,621,64 + 0.0,207、381、579,A - 左边白球,A - 右边白球,249,621,1438876,32 + 0.0
H,8,"火花","高耀太",,,分开,299 + 802,A - 左边长条中间、右边长条中间^^^B - 左边白球、右边白球,A - 左边白球、右边白球^^^B - 左边连点第 2 个,405,896,89 + 0.1,802,B - 左边白球、右边白球,B - 左边连点第 2 个,405,896,2101279,46 + 0.3
,,"不醉不会","田馥甄",,,分开,520 + 654、521 + 654、522 + 654,B - 左边单点^^^B - 左边长条中间,B - 左边白球^^^B - 右边白球,348,736,80 - 0.2,520、521、522,B - 左边单点,B - 左边白球,348,736,1568444,40 + 0.0
S,7,"傻呆呆","BY2",,红色,分开,234 + 394、234 + 408、234 + 409、234 + 410、235 + 394、235 + 408、235 + 409、235 + 410,A - 左边连点第 1 个^^^B - 左边单点,A - 右边连点第 1 个^^^B - 左边单点、右边滑键,277,481,76 + 0.0,234、235、394、408、409、410,A - 左边连点第 1 个,A - 右边连点第 1 个,277,481,1283865,38 + 0.0
G,9,"更新","Sabão",,,分开,839 + 901,B - 左边单点、右边单点^^^B - 左边单点、右边单点,B - 右边白球^^^B - 左边白球,454,963,81 + 0.0,901,B - 左边单点、右边单点,B - 左边白球,454,963,2298792,42 - 0.5
,,"观花","萌娜丽莎/郑冰冰",,红色,分开,165 + 337,A - 右边长条开始^^^B - 左边长条开始,A - 左边白球^^^B - 右边白球,228,475,60 + 0.0,165,A - 右边长条开始,A - 左边白球,228,475,1032975,31 - 0.5
H,9,"HUSTLE","陈梓童",,,分开,130 + 414、130 + 418、130 + 420、130 + 421、130 + 422、130 + 423、130 + 448、130 + 449、131 + 414、131 + 418,A - 右边连点第 1 个^^^B - 左边连点第 2 个,A - 右边白球^^^B - 右边白球,413,921,72 - 0.5,130、131、132、133、134,A - 右边连点第 1 个,A - 右边白球,413,921,2252188,37 - 0.5
T,6,"The New Kings","Vicetone/Popeska/Luciana",,红色,分开,238 + 285,B - 右边白球^^^B - 右边滑键,B - 左边单点^^^B - 右边单点,198,439,66 + 0.0,238、268,B - 右边白球,B - 左边单点,198,439,1251846,34 + 0.0
,,"Trap","Henry",,红色,分开,101 + 252、101 + 253、101 + 254、101 + 255、101 + 252、101 + 253、101 + 254、101 + 255、101 + 252、101 + 253,A - 左边连点第 1 个^^^B - 左边连点第 1 个,A - 右边白球^^^B - 右边白球,159,310,46 + 0.0,101、102、103、104、252、253、254、255,A - 左边连点第 1 个,A - 右边白球,159,310,601688,23 + 0.0
C,9,"Colourful","Virginia To Vegas",,,分开,346 + 855、349 + 855、351 + 855,A - 左边长条中间^^^B - 左边长条中间、右边白球,A - 左边白球、右边长条中间^^^B - 左边白球,482,985,88 - 0.1,855,B - 左边长条中间、右边白球,B - 左边白球,482,985,1952074,44 + 0.4
F,9,"风云喜","李常超",,,分开,350 + 797,B - 左边长条中间^^^B - 右边连点第 2 个,B - 左边单点^^^B - 右边白球,333,944,73 + 0.4,797,B - 右边连点第 2 个,B - 右边白球,333,944,1855774,37 + 0.0
,,"I am YOU","Stray Kids",,,分开,189 + 447,A - 右边滑键^^^B - 左边滑键,A - 右边单点^^^B - 左边单点,390,684,72 + 0.4,189、447,A - 右边滑键,A - 右边单点,390,684,1493824,36 + 0.2
S,6,"斯诺克","付辛博",,,分开,93 + 145,A - 左边白球^^^A - 右边连点第 1 个,A - 右边单点^^^A - 左边白球,189,439,59 + 0.1,145,A - 右边连点第 1 个,A - 左边白球,189,439,1138757,30 - 0.4
S,8,"生而倔强","熊汝霖",,,分开,303 + 372、303 + 374、303 + 375,A - 左边长条开始^^^A - 左边单点、右边单点,A - 右边长条结尾^^^A - 右边长条结尾,421,835,71 - 0.5,372、374、375,A - 左边单点、右边单点,A - 右边长条结尾,421,835,1581583,36 - 0.5
D,9,"Dancing on","FTISLAND",,,分开,193 + 499、193 + 500、193 + 501、193 + 502、193 + 503、196 + 499、196 + 500、196 + 501、196 + 502、196 + 503,A - 左边单点^^^B - 左边连点第 1 个,A - 右边滑键^^^B - 左边连点第 1 个,486,946,67 + 0.4,499、500、501、502、503,B - 左边连点第 1 个,B - 左边连点第 1 个,486,946,1856784,34 - 0.1
H,6,"Here With You","Asher Book",100,,分开,111 + 415,A - 右边单点^^^B - 右边长条中间,A - 左边白球^^^B - 右边白球,209,514,61 - 0.4,415,B - 右边长条中间,B - 右边白球,209,514,1189850,31 - 0.4
Z,7,"再遇不到你这样的人","庄心妍",,,分开,458 + 583,B - 左边单点、右边长条开始^^^B - 左边单点、右边长条中间,B - 右边连点第 2 个^^^B - 左边连点第 3 个,321,694,74 - 0.4,583,B - 左边单点、右边长条中间,B - 左边连点第 3 个,321,694,1504649,37 + 0.0
*,9,"ペガサス幻想","MAKE-UP",,,分开,202 + 303、303 + 591、303 + 592、303 + 593、303 + 594,A - 左边白球^^^B - 左边长条中间、右边单点,A - 右边单点^^^B - 左边单点、右边单点,287,737,74 - 0.5,303,B - 左边长条中间、右边单点,B - 左边单点、右边单点,287,737,1835364,38 - 0.2
Y,8,"YESTERDAY","Block B",,,分开,262 + 569,A - 右边长条中间^^^B - 左边长条中间,A - 左边单点^^^B - 左边单点、右边单点,309,748,66 - 0.4,569,B - 左边长条中间,B - 左边单点、右边单点,309,748,1642800,34 - 0.5
L,8,"L.I.E","EXID",,,分开,496 + 557、497 + 557、500 + 557,B - 右边连点第 2 个^^^B - 右边连点第 1 个,B - 左边长条结尾、右边单点^^^B - 左边长条结尾、右边长条结尾,339,611,74 - 0.3,557,B - 右边连点第 1 个,B - 左边长条结尾、右边长条结尾,339,611,1421784,37 + 0.2
,,"心率","鹿晗",,红色,分开,165 + 214,B - 左边单点^^^B - 左边白球,B - 右边长条中间^^^B - 右边长条中间,98,275,40 + 0.1,165,B - 左边单点,B - 右边长条中间,98,275,520464,21 - 0.1
,,"倾杯","SING女团",,,分开,213 + 444、214 + 444,A - 左边滑键^^^B - 左边单点、右边滑键,A - 右边单点^^^B - 左边单点,302,558,66 - 0.4,444,B - 左边单点、右边滑键,B - 左边单点,302,558,1308860,33 + 0.3
H,8,"换我陪你","炎亚纶",,,分开,451 + 991,A - 右边单点^^^B - 右边单点,A - 左边单点、右边单点^^^B - 左边单点、右边单点,509,1049,72 - 0.4,451、991,A - 右边单点,A - 左边单点、右边单点,509,1049,1912703,36 - 0.2
B,8,"被遗忘的天使","萧忆情",,,分开,216 + 572,A - 右边白球^^^B - 左边白球,A - 右边长条开始^^^B - 左边长条开始,427,783,68 + 0.0,216、572,A - 右边白球,A - 右边长条开始,427,783,1521893,34 + 0.0
N,9,"No Joke","罗志祥",,,分开,64 + 389,A - 左边连点第 1 个^^^B - 左边白球,A - 右边长条中间^^^B - 右边白球,259,550,73 - 0.1,64,A - 左边连点第 1 个,A - 右边长条中间,259,550,1761890,38 - 0.1
D,9,"Defiance","雨宮天",,,分开,129 + 657,A - 左边长条开始^^^B - 右边长条开始,A - 左边长条中间、右边白球^^^B - 左边白球、右边长条中间,517,1059,73 + 0.4,129、657,A - 左边长条开始,A - 左边长条中间、右边白球,517,1059,2042256,37 - 0.3
G,8,"Glimmer","祈Inory",,,分开,122 + 429、122 + 430、122 + 431、123 + 429、123 + 430、123 + 431、124 + 429、124 + 430、124 + 431,A - 左边连点第 1 个^^^B - 右边连点第 1 个,A - 右边连点第 1 个^^^B - 左边连点第 1 个,282,633,68 + 0.0,122、123、124、429、430、431,A - 左边连点第 1 个,A - 右边连点第 1 个,282,633,1395376,34 + 0.0
W,7,"我要给世界最悠长的湿吻 Kisses For The World","蔡健雅",,,分开,179 + 292、292 + 562,A - 左边单点^^^A - 右边白球,A - 左边滑键^^^A - 左边白球,368,720,59 + 0.3,292,A - 右边白球,A - 左边白球,368,720,1388779,30 - 0.3
O,7,"偶像万万岁","TimeZ",,,分开,279 + 451、279 + 452、279 + 453、279 + 454、279 + 472、279 + 473、279 + 474、279 + 475、279 + 476、279 + 477,B - 左边连点第 1 个^^^B - 左边连点第 1 个,B - 右边单点^^^B - 右边单点,258,542,68 + 0.0,279、280,B - 左边连点第 1 个,B - 右边单点,258,542,1434745,34 + 0.0
,,"PRINCESS","Samuel",,红色,分开,104 + 269、104 + 270、104 + 269、104 + 270、104 + 269、104 + 270、104 + 269、104 + 270、104 + 269、104 + 270,A - 右边连点第 1 个^^^B - 左边连点第 1 个,A - 左边白球^^^B - 右边白球,147,332,52 + 0.0,104、105、269、270,A - 右边连点第 1 个,A - 左边白球,147,332,865772,26 + 0.0
L,7,"两双","谢安琪/吉克隽逸",,红色,分开,173 + 402、173 + 403、174 + 402、174 + 403,A - 左边连点第 1 个^^^B - 右边连点第 1 个,A - 左边连点第 2 个^^^B - 右边连点第 2 个,233,484,71 + 0.2,173、174、402、403,A - 左边连点第 1 个,A - 左边连点第 2 个,233,484,1223462,36 - 0.4
L,7,"零之相册(QQ炫舞手游原创音乐)","埋葬&优十",,,分开,319 + 378、319 + 379、321 + 378、321 + 379、321 + 378、321 + 379、321 + 378、321 + 379、321 + 378、321 + 379,B - 右边连点第 2 个^^^B - 左边单点,B - 左边长条结尾、右边白球^^^B - 左边白球,301,636,72 + 0.0,378、379,B - 左边单点,B - 左边白球,301,636,1541064,37 + 0.0
,,"courage","戸松遥",,,分开,468 + 545、468 + 546、469 + 545、469 + 546,B - 左边单点^^^B - 右边单点,B - 右边白球^^^B - 右边单点,436,910,64 + 0.1,545、546,B - 右边单点,B - 右边单点,436,910,1863042,32 + 0.3
,,"无限大","孙燕姿",20,红色,分开,259 + 333、266 + 333、267 + 333,A - 左边白球^^^B - 右边连点第 1 个,A - 右边白球^^^B - 右边长条中间,303,425,59 + 0.1,259、266、267,A - 左边白球,A - 右边白球,303,425,1077609,30 + 0.0
,,"原点","徐梦圆",,,分开,222 + 698,A - 左边长条中间^^^B - 右边长条中间,A - 右边单点^^^B - 左边单点,448,924,62 + 0.4,222、698,A - 左边长条中间,A - 右边单点,448,924,1455972,31 + 0.2
,,"夜宴风波","音阙诗听/王梓钰",,红色,分开,103 + 179、103 + 180、103 + 181、103 + 186、103 + 189、103 + 190、104 + 179、104 + 180、104 + 181、104 + 186,A - 左边单点^^^B - 左边单点,A - 左边白球^^^B - 左边白球,159,279,56 - 0.3,103、104,A - 左边单点,A - 左边白球,159,279,840443,30 - 0.3
S,9,"SWEET TALKER","TWICE",50、100,,分开,815 + 1011,B - 左边长条开始、右边长条开始^^^B - 左边长条开始、右边长条开始,B - 左边长条结尾、右边长条结尾^^^B - 右边白球,497,1073,79 + 0.1,815,B - 左边长条开始、右边长条开始,B - 左边长条结尾、右边长条结尾,497,1073,2042201,41 - 0.4
L,10,"林中鸟(困难版)","葛林",,蓝色,分开,422 + 706、422 + 708,A - 左边白球^^^B - 右边白球,A - 左边单点^^^B - 左边单点,543,1243,70 + 0.2,422,A - 左边白球,A - 左边单点,543,1243,2687830,35 + 0.4
X,6,"炫舞国度","BOX.COM",,,分开,129 + 391、130 + 391、131 + 391、132 + 391、133 + 391,A - 左边单点^^^B - 右边长条中间,A - 右边白球^^^B - 右边单点,217,439,67 - 0.2,391,B - 右边长条中间,B - 右边单点,217,439,1356917,34 + 0.0
,,"不逃","罗志祥",,红色,分开,153 + 338,A - 右边连点第 1 个^^^B - 左边连点第 1 个,A - 右边单点^^^B - 右边单点,197,388,64 + 0.3,153,A - 右边连点第 1 个,A - 右边单点,197,388,958400,32 + 0.3
H,7,"换世奇恋","排骨教主",,,分开,106 + 444,A - 右边滑键^^^B - 左边滑键,A - 右边长条结尾^^^B - 左边长条结尾,324,835,57 - 0.4,106、444,A - 右边滑键,A - 右边长条结尾,324,835,1538037,28 + 0.3
N,9,"NIGHT OF FIRE","森永真由美/浜田ブリトニー",,,分开,98 + 160,A - 左边白球^^^A - 左边白球,A - 左边单点^^^A - 左边白球,438,801,79 + 0.0,160,A - 左边白球,A - 左边白球,438,801,2260225,40 + 0.0
H,7,"坏掉的大人","陈势安",,,分开,156 + 489、489 + 554,A - 左边滑键^^^B - 左边滑键、右边单点,A - 右边长条开始^^^B - 左边单点,390,819,59 - 0.1,489,B - 左边滑键、右边单点,B - 左边单点,390,819,1713630,30 - 0.4
,,"专属味道","汪苏泷/林希儿",,,分开,172 + 232、172 + 385、385 + 445,A - 左边连点第 2 个^^^A - 左边连点第 2 个,A - 左边单点、右边单点^^^A - 左边单点、右边单点,289,603,61 + 0.0,172、385,A - 左边连点第 2 个,A - 左边单点、右边单点,289,603,1272226,31 - 0.5
,,"Pure","向井太一",,红色,分开,87 + 193,A - 右边单点^^^B - 右边单点,A - 右边长条结尾^^^B - 右边长条中间,130,265,57 - 0.4,193,B - 右边单点,B - 右边长条中间,130,265,816130,30 + 0.2
,,"绿色","GReeeeN",,,分开,215 + 410、216 + 410,B - 左边单点^^^B - 左边长条开始,B - 右边白球^^^B - 右边单点,203,461,54 + 0.0,215、216,B - 左边单点,B - 右边白球,203,461,1118132,27 + 0.0
L,6,"铃兰(QQ炫舞手游原创音乐)","埋葬&优十",,,分开,108 + 465,A - 左边单点^^^B - 右边连点第 1 个,A - 右边单点^^^B - 左边单点,322,623,61 + 0.0,465,B - 右边连点第 1 个,B - 左边单点,322,623,1424249,31 - 0.5
C,8,"Chain","NCT 127",,,分开,227 + 473,A - 右边单点^^^B - 左边单点,A - 右边单点^^^B - 右边单点,276,523,76 + 0.0,473,B - 左边单点,B - 右边单点,276,523,1607293,39 - 0.5
M,10,"MY舞☆TONIGHT","Aqours",,,分开,691 + 1024,B - 左边白球^^^B - 左边单点、右边单点,B - 右边长条中间^^^B - 左边单点、右边单点,516,1083,78 - 0.5,1024,B - 左边单点、右边单点,B - 左边单点、右边单点,516,1083,2757695,39 - 0.1
,,"帅一个","罗志祥",,,分开,196 + 479、196 + 480、197 + 479、197 + 480,A - 左边滑键^^^B - 右边滑键,A - 右边白球^^^B - 左边白球,349,785,94 + 0.0,196、197、479、480,A - 左边滑键,A - 右边白球,349,785,2072911,47 + 0.0
C,9,"CLEAR","坂本真綾",,,分开,246 + 549、246 + 551、246 + 552、246 + 555、246 + 556、248 + 549、248 + 551、248 + 552、248 + 555、248 + 556,A - 右边连点第 1 个^^^B - 左边连点第 1 个,A - 右边单点^^^B - 左边单点,399,851,73 + 0.2,246、248、549、551,A - 右边连点第 1 个,A - 右边单点,399,851,2088791,37 - 0.4
,,"Real Change","Masetti",,红色,分开,229 + 321、230 + 321、232 + 321、233 + 321、239 + 321,B - 右边单点^^^B - 右边单点,B - 右边白球^^^B - 右边白球,172,348,57 + 0.0,321,B - 右边单点,B - 右边白球,172,348,1081600,29 + 0.0
H,9,"Hacking to the Gate","伊藤加奈子",,,分开,348 + 937,A - 左边滑键、右边长条中间^^^B - 右边长条中间,A - 左边单点、右边单点^^^B - 右边白球,652,1063,78 + 0.2,937,B - 右边长条中间,B - 右边白球,652,1063,2016426,40 - 0.3
,,"甜甜的情歌","Young 7",,红色,分开,98 + 305,A - 右边单点^^^B - 左边单点,A - 左边白球^^^B - 左边白球,257,431,61 - 0.5,305,B - 左边单点,B - 左边白球,257,431,1018173,31 + 0.0
C,9,"春夏秋冬","Sumika",,,分开,292 + 641、641 + 851,A - 左边单点、右边单点^^^B - 左边单点,A - 左边长条中间^^^B - 右边长条中间,599,1155,74 - 0.5,641,B - 左边单点,B - 右边长条中间,599,1155,2217393,37 - 0.1
,,"Bon Bon(给他一击)","强东玥",,红色,分开,134 + 445、313 + 445,A - 右边单点^^^B - 右边白球,A - 左边白球^^^B - 右边白球,259,482,57 + 0.0,445,B - 右边白球,B - 右边白球,259,482,1103320,30 - 0.5
N,6,"粘人精","圈9/谣君/新乐尘符",,,分开,214 + 476、214 + 477、214 + 476、214 + 477、214 + 476、214 + 477、214 + 476、214 + 477、214 + 476、214 + 477,A - 左边单点^^^B - 右边单点,A - 左边白球^^^B - 右边白球,266,592,70 + 0.0,214、215、476、477,A - 左边单点,A - 左边白球,266,592,1507951,35 + 0.0
,,"孤注一掷的舞者","DOES",,,分开,444 + 484、444 + 485,B - 右边长条开始^^^B - 右边滑键,B - 左边单点^^^B - 左边单点,432,800,79 - 0.5,462、463、464、465、466、467,B - 右边单点,B - 右边连点第 2 个,432,800,1856472,41 - 0.5
,,"FOOLISH","Meghan Trainor",,,分开,107 + 438,A - 左边单点^^^B - 左边单点,A - 右边单点^^^B - 左边单点,261,532,55 + 0.1,438,B - 左边单点,B - 左边单点,261,532,1086610,28 + 0.1
,,"Candy Boy","TWICE",,,分开,161 + 365,A - 左边单点、右边单点^^^B - 左边单点、右边单点,A - 左边单点、右边滑键^^^B - 左边滑键、右边单点,304,788,70 + 0.0,161、365,A - 左边单点、右边单点,A - 左边单点、右边滑键,304,788,1911910,35 + 0.0
,,"闺蜜大过天","李子璇/吴芊盈",,红色,分开,107 + 270、107 + 275、112 + 270、112 + 275,A - 左边长条开始^^^B - 右边长条开始,A - 左边滑键^^^B - 右边滑键,205,408,56 + 0.4,107、112、270、275,A - 左边长条开始,A - 左边滑键,205,408,801971,28 + 0.2
M,9,"MK Circus","Dough-Boy/王嘉尔",,,分开,219 + 654,A - 左边单点^^^B - 右边连点第 2 个,A - 左边白球^^^B - 左边单点,368,833,80 + 0.2,654,B - 右边连点第 2 个,B - 左边单点,368,833,1801356,41 - 0.1
Q,6,"青花引","Ace组合",,红色,分开,183 + 326,A - 左边单点^^^B - 左边单点,A - 右边白球^^^B - 右边单点,250,453,59 + 0.1,326,B - 左边单点,B - 右边单点,250,453,1027830,30 + 0.0
,,"江南","林俊杰",,红色,分开,118 + 228,A - 右边单点^^^B - 右边单点,A - 左边白球、右边长条结尾^^^B - 左边白球,214,469,73 - 0.5,118,A - 右边单点,A - 左边白球、右边长条结尾,214,469,1002181,40 - 0.2
X,6,"修炼爱情","林俊杰 ",,,分开,344 + 550,B - 右边长条中间^^^B - 右边长条中间,B - 左边单点、右边单点^^^B - 左边白球,218,727,64 - 0.4,344,B - 右边长条中间,B - 左边单点、右边单点,218,727,1419690,33 - 0.4
B,7,"不可思议","金莎",,红色,分开,113 + 349、113 + 350、113 + 349、113 + 350、113 + 349、113 + 350、113 + 349、113 + 350、113 + 349、113 + 350,A - 右边单点^^^B - 左边单点,A - 左边白球^^^B - 右边白球,230,482,72 + 0.0,113、114、349、350,A - 右边单点,A - 左边白球,230,482,1262727,36 + 0.0
C,8,"Chilli","SEVENTEEN",,,分开,180 + 457、180 + 458、181 + 457、181 + 458,A - 左边单点^^^B - 右边单点,A - 左边单点^^^B - 右边单点,331,717,78 + 0.0,180、181、457、458,A - 左边单点,A - 左边单点,331,717,1834305,39 + 0.0
H,8,"Hey Baby 你是我的","李佳薇",,,分开,192 + 606、193 + 606、194 + 606、195 + 606、409 + 606、410 + 606、411 + 606、412 + 606,A - 左边单点^^^B - 左边白球,A - 左边连点第 2 个^^^B - 左边连点第 2 个,351,742,69 + 0.0,606,B - 左边白球,B - 左边连点第 2 个,351,742,1874304,35 + 0.0
G,8,"Get Cool","Stray Kids",,,分开,75 + 259、75 + 260、75 + 261、75 + 541、75 + 542、75 + 543、76 + 259、76 + 260、76 + 261、76 + 541,A - 左边长条中间^^^A - 左边连点第 1 个,A - 左边单点^^^A - 右边单点,340,622,66 + 0.1,75,A - 左边长条中间,A - 左边单点,340,622,1404717,35 + 0.1
P,8,"PIRI","Dreamcatcher",,,分开,57 + 359,A - 右边白球^^^B - 左边白球,A - 左边单点^^^B - 右边单点,351,904,75 - 0.2,359,B - 左边白球,B - 右边单点,351,904,2051028,37 + 0.4
,,"Don't Threaten Me With A Good Time","Panic! At The Disco",,红色,分开,106 + 205、106 + 207、106 + 205、106 + 207、106 + 205、106 + 207、106 + 205、106 + 207、106 + 205、106 + 207,A - 右边滑键^^^B - 左边单点,A - 左边单点^^^B - 左边单点,140,295,57 + 0.0,205、207,B - 左边单点,B - 左边单点,140,295,749434,30 - 0.5
,,"空山新雨后","音阙诗听/锦零",,红色,分开,201 + 236,B - 右边连点第 1 个^^^B - 左边长条中间,B - 左边长条开始^^^B - 左边单点,127,293,58 + 0.1,236,B - 左边长条中间,B - 左边单点,127,293,783627,30 - 0.2
,,"合二为一","王栎鑫",,,分开,379 + 725,A - 左边白球^^^B - 右边白球,A - 右边长条开始^^^B - 左边长条开始,483,829,54 - 0.2,379、725,A - 左边白球,A - 右边长条开始,483,829,1468068,27 - 0.1
L,6,"绿色","陈雪凝",,红色,分开,156 + 350,A - 右边单点^^^B - 左边单点,A - 右边白球^^^B - 左边白球,227,413,59 + 0.0,156、350,A - 右边单点,A - 右边白球,227,413,1034186,30 - 0.5
B,9,"Butter Fly","和田光司",,,分开,384 + 913、384 + 916、384 + 918、384 + 921、384 + 923、384 + 913、384 + 916、384 + 918、384 + 921、384 + 923,A - 左边白球^^^B - 左边单点、右边长条中间,A - 右边单点^^^B - 左边长条中间、右边连点第 2 个,469,1031,84 - 0.2,913、916、918、921、923,B - 左边单点、右边长条中间,B - 左边长条中间、右边连点第 2 个,469,1031,2142448,43 + 0.3
,,"I like you(炫舞音乐季主题曲)","孟美岐",,,分开,271 + 484,A - 左边单点^^^B - 右边单点,A - 右边连点第 2 个^^^B - 左边连点第 4 个,336,732,72 - 0.3,484,B - 右边单点,B - 左边连点第 4 个,336,732,1645374,36 + 0.2
,,"Time with you","圭贤",,红色,分开,51 + 113,A - 左边白球^^^A - 右边单点,A - 左边长条中间^^^A - 左边单点,211,383,55 - 0.5,51,A - 左边白球,A - 左边长条中间,211,383,760213,28 + 0.0
L,9,"恋のパーフェクト微分方程式","ユウノウミ",,,分开,334 + 736,A - 右边白球^^^B - 左边白球,A - 右边连点第 2 个^^^B - 左边连点第 2 个,452,854,76 + 0.0,334、736,A - 右边白球,A - 右边连点第 2 个,452,854,2046642,38 + 0.0
L,6,"Love So Soft","Kelly Clarkson",,,分开,245 + 399、245 + 400,B - 右边白球^^^B - 右边单点,B - 左边单点^^^B - 左边单点,239,491,66 - 0.5,245,B - 右边白球,B - 左边单点,239,491,1450420,35 - 0.5
,,"我们是太阳","筷子兄弟",,,分开,156 + 239、156 + 444、156 + 527、239 + 444、239 + 527、444 + 527,A - 左边单点^^^A - 右边单点,A - 右边长条开始^^^A - 右边长条开始,304,618,51 + 0.4,156、239、444、527,A - 左边单点,A - 右边长条开始,304,618,1013554,26 - 0.3
W,6,"What Do You Mean?","Justin Bieber",,红色,分开,133 + 421,A - 左边长条结尾、右边白球^^^B - 右边白球,A - 右边白球^^^B - 左边白球,200,462,69 + 0.0,421,B - 右边白球,B - 左边白球,200,462,1286415,35 + 0.0
,,"白衣少年","许诗茵",,,分开,657 + 738、675 + 738,B - 左边单点^^^B - 右边长条中间,B - 左边单点、右边单点^^^B - 左边单点,361,792,65 - 0.3,675,B - 右边白球,B - 右边白球,361,792,1650539,33 - 0.3
L,7,"荔枝声界","QQ炫舞手游",,,分开,306 + 627、307 + 627、308 + 627、309 + 627、310 + 627,A - 右边连点第 1 个^^^B - 左边连点第 1 个,A - 右边单点^^^B - 右边滑键,395,784,67 + 0.4,306、307、308、309、310,A - 右边连点第 1 个,A - 右边单点,395,784,1719091,34 - 0.1
,,"For You","高颖浠",,红色,分开,152 + 290,A - 左边单点^^^B - 右边连点第 1 个,A - 右边连点第 2 个^^^B - 右边滑键,189,360,66 + 0.0,152、290,A - 左边单点,A - 右边连点第 2 个,189,360,883114,33 + 0.0
Y,7,"You Are My Only One","袁娅维/小宇",,红色,分开,228 + 710,A - 左边长条开始、右边长条开始^^^B - 左边长条开始、右边滑键,A - 左边长条中间、右边长条中间^^^B - 右边单点,393,866,77 + 0.1,710,B - 左边长条开始、右边滑键,B - 右边单点,393,866,1416921,39 - 0.1
T,9,"太烦恼","杨丞琳",,,分开,585 + 644,B - 左边白球^^^B - 左边长条中间,B - 左边白球^^^B - 右边连点第 2 个,297,706,70 + 0.3,631,B - 左边滑键,B - 左边单点,297,706,1725911,38 - 0.5
Y,6,"遇上爱","杨丞琳",,红色,分开,117 + 370、117 + 371、118 + 370、118 + 371、118 + 370、118 + 371、118 + 370、118 + 371、118 + 370、118 + 371,A - 右边长条结尾^^^B - 左边长条结尾,A - 左边单点^^^B - 右边连点第 3 个,260,537,68 + 0.0,117、118、370、371,A - 右边长条结尾,A - 左边单点,260,537,1196475,34 + 0.0
,,"带你去旅行","校长",,红色,分开,160 + 411,A - 右边单点^^^B - 右边长条开始,A - 右边单点^^^B - 右边白球,237,468,63 - 0.5,411,B - 右边长条开始,B - 右边白球,237,468,1077011,32 - 0.3
S,9,"So Good","Red Velvet",,,分开,253 + 309、309 + 614,A - 左边单点^^^A - 右边白球,A - 左边长条结尾^^^A - 右边单点,367,706,72 + 0.0,309,A - 右边白球,A - 右边单点,367,706,1621488,37 - 0.5
Z,8,"Zillion Lights","めらみぽっぷ",20,,分开,336 + 652,A - 左边单点^^^B - 左边单点,A - 左边白球^^^B - 左边单点,382,792,73 - 0.3,652,B - 左边单点,B - 左边单点,382,792,1846802,37 + 0.2
S,8,"SUPERMOON","HIROOMI TOSAKA",,红色,分开,237 + 465,A - 左边单点、右边单点^^^B - 左边单点、右边单点,A - 左边白球^^^B - 右边白球,278,506,80 + 0.0,237、465,A - 左边单点、右边单点,A - 左边白球,278,506,1505036,40 + 0.0
V,10,"Victory(困难版)","Bond",,,分开,819 + 949、820 + 949、821 + 949、822 + 949、823 + 949,B - 右边连点第 1 个^^^B - 右边连点第 2 个,B - 右边白球^^^B - 左边单点、右边单点,548,990,104 + 0.0,949,B - 右边连点第 2 个,B - 左边单点、右边单点,548,990,3246279,54 + 0.0
B,7,"Brave Heart","宮崎歩",,,分开,333 + 382、333 + 383、333 + 384、333 + 385、333 + 382、333 + 383、333 + 384、333 + 385、333 + 382、333 + 383,A - 右边白球^^^A - 右边单点,A - 右边单点^^^A - 左边单点,438,746,62 + 0.2,381、383、384,A - 右边单点,A - 左边长条结尾、右边长条结尾,438,746,1525564,31 + 0.2
,,"疯了吧","TWICE",,红色,分开,92 + 271,A - 左边单点^^^B - 右边单点,A - 左边白球^^^B - 右边白球,153,384,69 - 0.5,271,B - 右边单点,B - 右边白球,153,384,1008899,35 - 0.5
Q,6,"期待","Girl's Day",,红色,分开,30 + 193、30 + 195、30 + 196、30 + 193、30 + 195、30 + 196、30 + 193、30 + 195、30 + 196、30 + 193,A - 左边连点第 1 个^^^B - 左边单点、右边单点,A - 右边单点^^^B - 左边单点、右边长条结尾,171,432,64 + 0.0,193、195、196,B - 左边单点、右边单点,B - 左边单点、右边长条结尾,171,432,1029351,32 + 0.0
,,"夜空中最亮的星","逃跑计划",,红色,分开,190 + 362,A - 左边单点^^^B - 左边连点第 2 个,A - 右边长条开始^^^B - 右边白球,292,568,65 - 0.3,362,B - 左边连点第 2 个,B - 右边白球,292,568,1053586,33 + 0.3
*,9,"オメガリズム","UPLIFT SPICE",,,分开,108 + 440,A - 左边长条中间^^^B - 右边单点,A - 右边单点^^^B - 右边长条中间,440,1010,73 + 0.0,108,A - 左边长条中间,A - 右边单点,440,1010,2244193,37 + 0.1
,,"Slow It Down","Charlie Puth",,红色,分开,57 + 233、57 + 253、57 + 254,A - 右边白球^^^B - 左边白球,A - 左边单点^^^B - 右边单点,212,471,58 + 0.2,233、253、254,B - 左边白球,B - 右边单点,212,471,929752,29 + 0.1
,,"你曾那么爱我","陈势安",,红色,分开,116 + 371、116 + 380、125 + 371、125 + 380,A - 右边单点^^^B - 左边单点,A - 右边白球^^^B - 左边白球,213,514,57 - 0.2,116、125、371、380,A - 右边单点,A - 右边白球,213,514,1067700,28 + 0.4
,,"She is","OVAN/SHAUN",,红色,分开,109 + 162、110 + 162、111 + 162、112 + 162,A - 左边滑键^^^A - 右边单点,A - 右边单点^^^A - 右边长条中间,228,379,54 - 0.1,140、146,A - 左边单点,A - 左边单点,228,379,773583,29 + 0.1
D,8,"Don't Leave Me","防弹少年团",,,分开,107 + 335,A - 左边长条开始^^^B - 左边长条中间,A - 右边长条中间^^^B - 左边连点第 3 个、右边长条结尾,325,678,68 + 0.0,335,B - 左边长条中间,B - 左边连点第 3 个、右边长条结尾,325,678,1410472,35 - 0.2
P,8,"偏偏","Sihan/银临",,,分开,417 + 603、418 + 603,B - 左边单点^^^B - 左边长条中间,B - 右边单点^^^B - 左边白球,306,718,61 + 0.1,417、418,B - 左边单点,B - 右边单点,306,718,1393132,31 - 0.3
,,"On My Way","Alan Walker/Sabrina Carpenter/Farruko",,红色,分开,60 + 189、60 + 190、60 + 192,A - 左边单点^^^B - 左边单点,A - 右边单点^^^B - 左边白球,106,239,65 - 0.5,60,A - 左边单点,A - 右边单点,106,239,711034,34 + 0.0
,,"The Fire","吉克隽逸",,红色,分开,147 + 323、147 + 324、148 + 323、148 + 324,A - 左边单点^^^B - 右边单点,A - 左边单点、右边滑键^^^B - 左边滑键、右边单点,238,456,72 - 0.2,147、148、323、324,A - 左边单点,A - 左边单点、右边滑键,238,456,1003572,36 - 0.1
,,"盛装游行","back number",,红色,分开,43 + 341,A - 左边白球^^^B - 右边白球,A - 右边白球^^^B - 左边白球,246,490,59 + 0.0,341,B - 右边白球,B - 左边白球,246,490,1066582,30 - 0.5
,,"炫舞","陈伟霆",,,分开,257 + 599、258 + 599,A - 左边滑键^^^B - 右边单点,A - 左边单点、右边长条结尾^^^B - 左边长条结尾、右边长条结尾,354,682,52 - 0.1,599,B - 右边单点,B - 左边长条结尾、右边长条结尾,354,682,1117849,28 + 0.1
,,"Loved","Highlight",,,分开,162 + 247、247 + 342,A - 右边白球^^^B - 左边白球,A - 右边白球^^^B - 左边单点,221,421,53 - 0.5,247,B - 左边白球,B - 左边单点,221,421,1007087,27 - 0.5
,,"HERO","李子璇",,红色,分开,131 + 338,A - 右边单点^^^B - 右边单点,A - 左边单点、右边单点^^^B - 左边白球,194,407,65 + 0.4,338,B - 右边单点,B - 左边白球,194,407,1044932,33 + 0.1
W,6,"王妃","萧敬腾",,红色,分开,122 + 446、122 + 447、123 + 446、123 + 447、125 + 446、125 + 447,A - 右边单点^^^B - 左边单点,A - 右边单点^^^B - 右边连点第 2 个,234,553,67 + 0.1,446、447,B - 左边单点,B - 右边连点第 2 个,234,553,1250818,36 + 0.4
J,7,"寂静之空","傅许",,,分开,206 + 459、206 + 460、206 + 461、206 + 487、206 + 488、206 + 489、207 + 459、207 + 460、207 + 461、207 + 487,A - 右边单点^^^B - 左边单点,A - 左边白球^^^B - 右边白球,293,549,72 + 0.0,459、460、461、487、488、489,B - 左边单点,B - 右边白球,293,549,1661622,37 - 0.5
W,7,"往后余生","王贰浪",,,分开,510 + 569,B - 左边白球^^^B - 左边长条中间,B - 右边白球^^^B - 左边单点、右边滑键,314,709,74 - 0.3,510,B - 左边白球,B - 右边白球,314,709,1540832,38 + 0.1
,,"雨后的咖啡","SNP",,红色,分开,129 + 362,A - 左边白球^^^B - 右边白球,A - 右边长条开始^^^B - 左边长条开始,249,483,55 - 0.4,129、362,A - 左边白球,A - 右边长条开始,249,483,939071,27 + 0.3
,,"I'm OK","小青龙",,红色,分开,183 + 499,A - 左边单点^^^B - 左边白球,A - 右边白球^^^B - 左边长条开始,218,590,89 + 0.3,499,B - 左边白球,B - 左边长条开始,218,590,1574513,46 + 0.3
,,"if","西野カナ",,,分开,156 + 197,A - 左边白球^^^A - 左边单点,A - 左边连点第 1 个^^^A - 左边长条开始,290,570,57 - 0.4,197,A - 左边单点,A - 左边长条开始,290,570,1130920,29 - 0.1
L,6,"Ladybees","蜜蜂少女队",,红色,分开,137 + 301,A - 左边长条开始^^^B - 右边长条开始,A - 左边单点^^^B - 右边单点,204,496,61 + 0.0,137、301,A - 左边长条开始,A - 左边单点,204,496,1081738,31 - 0.5
W,9,"Why So Lonely","Wonder Girls",,,分开,464 + 547,B - 左边单点、右边长条开始^^^B - 左边滑键,B - 右边滑键^^^B - 左边单点、右边滑键,456,1078,84 + 0.1,464,B - 左边单点、右边长条开始,B - 右边滑键,456,1078,2169178,44 - 0.3
,,"那时正好","赵政豪",,,分开,370 + 427,B - 右边白球^^^B - 左边白球,B - 左边长条中间^^^B - 右边滑键,256,702,49 - 0.1,370,B - 右边白球,B - 左边长条中间,256,702,1230357,25 - 0.4
A,7,"爱不得 恨不得 舍不得","胡彦斌",,,分开,293 + 661、293 + 662、293 + 663、293 + 664、293 + 666、293 + 667、293 + 671、294 + 661、294 + 662、294 + 663,A - 右边连点第 1 个^^^B - 左边连点第 1 个,A - 右边白球^^^B - 左边白球,345,713,78 + 0.0,293、294、295、296、298、299、661、662、663、664,A - 右边连点第 1 个,A - 右边白球,345,713,1858948,39 + 0.0
D,10,"Dura","Daddy Yankee",,,分开,223 + 519、223 + 520、223 + 522、223 + 523、223 + 524、223 + 525、223 + 526、223 + 527,A - 右边白球^^^B - 左边单点,A - 右边单点^^^B - 右边单点,364,879,80 + 0.0,519、520,B - 左边单点,B - 右边单点,364,879,2768103,41 + 0.0
D,10,"大艺术家(困难版)","蔡依林",,,分开,735 + 1002、736 + 1002、737 + 1002、738 + 1002,B - 左边连点第 1 个^^^B - 左边白球,B - 左边单点^^^B - 左边滑键、右边单点,612,1103,94 - 0.3,735、736、737、738,B - 左边连点第 1 个,B - 左边单点,612,1103,2312664,49 + 0.0
D,9,"Digital World","Amaranthe",,红色,分开,87 + 357,A - 右边长条中间^^^B - 左边长条中间,A - 左边滑键^^^B - 右边滑键,251,508,77 + 0.2,357,B - 左边长条中间,B - 右边滑键,251,508,1364631,39 - 0.4
H,9,"火炎","女王蜂",,,分开,210 + 660,A - 左边滑键、右边长条开始^^^B - 左边长条开始、右边滑键,A - 右边白球^^^B - 左边白球,403,917,71 + 0.0,210、660,A - 左边滑键、右边长条开始,A - 右边白球,403,917,2018882,36 - 0.5
F,9,"Firefly","Abba Teens",,红色,分开,393 + 529,B - 右边白球^^^B - 左边白球、右边单点,B - 左边白球、右边单点^^^B - 左边白球、右边白球,330,584,74 - 0.5,529,B - 左边白球、右边单点,B - 左边白球、右边白球,330,584,1383756,39 - 0.5
,,"如果当时","胡夏",,红色,分开,235 + 359,B - 右边单点^^^B - 左边长条开始,B - 左边单点^^^B - 左边连点第 2 个,235,510,66 - 0.1,359,B - 左边长条开始,B - 左边连点第 2 个,235,510,1100842,34 - 0.3
F,6,"Flamingo","米津玄師",,红色,分开,191 + 418,A - 左边单点^^^B - 右边单点,A - 右边白球^^^B - 左边白球,270,578,58 + 0.4,191、418,A - 左边单点,A - 右边白球,270,578,1082552,29 + 0.2
M,6,"梦想时代(QQ炫舞系列主题曲)","刘人语/罗奕佳/苏芮琪",,红色,分开,148 + 345,A - 左边白球^^^B - 右边长条中间,A - 右边单点^^^B - 左边单点、右边单点,218,513,72 - 0.3,345,B - 右边长条中间,B - 左边单点、右边单点,218,513,1262401,37 - 0.4
,,"I Love You","玉泽演/吴映洁",,红色,分开,263 + 440、263 + 441、263 + 446、263 + 447,B - 右边单点^^^B - 左边单点,B - 右边长条开始^^^B - 左边单点,233,546,59 + 0.3,440、441、446、447,B - 左边单点,B - 左边单点,233,546,951843,30 + 0.0
D,6,"叮叮当当(QQ炫舞手游原创音乐)","贰哲",,,分开,120 + 399、120 + 402、121 + 399、121 + 402、123 + 399、123 + 402,A - 左边单点^^^B - 右边单点,A - 左边连点第 2 个^^^B - 右边连点第 2 个,290,565,61 - 0.2,120、123、399、402,A - 左边单点,A - 左边连点第 2 个,290,565,1428936,30 + 0.4
,,"觅","王喆",,,分开,177 + 623、178 + 623、179 + 623、181 + 623、358 + 623、359 + 623、360 + 623、362 + 623,A - 左边单点^^^B - 右边白球,A - 右边白球^^^B - 右边单点,285,670,71 + 0.0,623,B - 右边白球,B - 右边单点,285,670,1867010,38 + 0.0
Z,10,"ZastiZ(QQ炫舞手游原创音乐)","JurokuNeta",,,分开,375 + 561、375 + 562、376 + 561、376 + 562、377 + 561、377 + 562、378 + 561、378 + 562、379 + 561、379 + 562,B - 右边单点^^^B - 左边连点第 2 个,B - 右边白球^^^B - 右边白球,323,684,98 + 0.0,375、376、377、378、379、380,B - 右边单点,B - 右边白球,323,684,2209367,50 - 0.5
S,8,"Scarlet Faith","仲村芽衣子",,,分开,177 + 518、446 + 518、447 + 518、467 + 518,A - 右边白球^^^B - 左边白球,A - 右边白球^^^B - 左边白球,262,601,72 - 0.5,518,B - 左边白球,B - 左边白球,262,601,1596301,37 - 0.5
S,8,"Somebody Told Me","Charlie Puth",,,分开,203 + 592,A - 右边长条开始^^^B - 左边长条开始,A - 右边长条开始^^^B - 左边长条开始,361,785,59 + 0.0,203、592,A - 右边长条开始,A - 右边长条开始,361,785,1535371,30 - 0.5
N,8,"你和我的一天","水濑祈",,,分开,250 + 538,A - 左边连点第 1 个^^^B - 右边连点第 1 个,A - 左边滑键^^^B - 右边滑键,330,618,71 + 0.4,250、538,A - 左边连点第 1 个,A - 左边滑键,330,618,1487054,36 - 0.3
,,"黒い羊","欅坂46",,红色,分开,131 + 381,A - 左边单点^^^B - 右边连点第 1 个,A - 左边白球^^^B - 左边白球,210,436,53 - 0.4,131,A - 左边单点,A - 左边白球,210,436,893487,27 - 0.5
G,9,"Gee","少女时代",,,分开,135 + 278,A - 左边长条结尾、右边长条开始^^^A - 右边白球,A - 右边连点第 2 个^^^A - 左边长条中间,492,946,60 - 0.3,135,A - 左边长条结尾、右边长条开始,A - 右边连点第 2 个,492,946,1754906,30 + 0.1
Z,7,"最近","王小帅",,红色,分开,164 + 432、164 + 433、164 + 436、164 + 437、164 + 438、164 + 442、165 + 432、165 + 433、165 + 436、165 + 437,A - 右边连点第 1 个^^^B - 左边连点第 1 个,A - 左边连点第 1 个^^^B - 右边连点第 1 个,244,512,80 + 0.0,164、165、168、169、170、174、432、433、436、437,A - 右边连点第 1 个,A - 左边连点第 1 个,244,512,1367535,40 + 0.0
X,7,"像暗杀似的绕到背后突然拥抱你","太一",,,分开,200 + 497、203 + 497、204 + 497、245 + 497、248 + 497、249 + 497、450 + 497、453 + 497、454 + 497、459 + 497,A - 右边连点第 2 个^^^B - 右边连点第 2 个,A - 右边白球^^^B - 左边白球,284,544,65 + 0.0,497,B - 右边连点第 2 个,B - 左边白球,284,544,1443619,33 + 0.0
D,9,"Dear Brave","鹿乃",,蓝色,分开,1085 + 1282、1085 + 1284,B - 左边长条开始、右边长条开始^^^B - 右边白球,B - 左边长条结尾、右边长条结尾^^^B - 右边连点第 4 个,623,1335,72 - 0.1,1085,B - 左边长条开始、右边长条开始,B - 左边长条结尾、右边长条结尾,623,1335,2793896,36 + 0.4
,,"完美体贴","新乐尘符/李思雨/林俊呈",,红色,分开,141 + 312、141 + 315、141 + 316、142 + 312、142 + 315、142 + 316、142 + 312、142 + 315、142 + 316、142 + 312,A - 左边单点^^^B - 左边连点第 1 个,A - 右边单点^^^B - 左边白球,193,401,64 - 0.3,312、315、316,B - 左边连点第 1 个,B - 左边白球,193,401,1054634,33 + 0.1
,,"玫瑰少年","蔡依林",,红色,分开,83 + 230,A - 左边单点^^^B - 右边单点,A - 左边单点、右边滑键^^^B - 左边滑键、右边单点,172,305,59 + 0.0,230,B - 右边单点,B - 左边滑键、右边单点,172,305,831540,30 - 0.5
,,"左边","杨丞琳",,红色,分开,183 + 368,A - 左边滑键^^^B - 左边白球,A - 右边白球^^^B - 右边白球,214,421,65 - 0.5,368,B - 左边白球,B - 右边白球,214,421,1139983,33 + 0.0
T,10,"天樂","和楽器バンド",,,分开,720 + 940、720 + 941、720 + 942、721 + 940、721 + 941、721 + 942、722 + 940、722 + 941、722 + 942、723 + 940,B - 右边连点第 3 个^^^B - 左边连点第 2 个,B - 左边白球^^^B - 左边白球,555,1114,102 + 0.0,720、721、722、723、724、940、941、942,B - 右边连点第 3 个,B - 左边白球,555,1114,3467255,51 + 0.0
,,"Play It Cool","Steve Aoki/MONSTA X",,红色,分开,102 + 189、102 + 196、102 + 197、102 + 198、102 + 199、102 + 189、102 + 196、102 + 197、102 + 198、102 + 199,A - 左边连点第 1 个^^^B - 右边白球,A - 右边白球^^^B - 右边单点,180,382,61 + 0.0,102、103、104、105、189、196、197、198、199,A - 左边连点第 1 个,A - 右边白球,180,382,1063373,31 - 0.5
,,"魂不守舍","朱星杰",,,分开,162 + 290,A - 右边单点^^^B - 左边单点,A - 左边白球^^^B - 右边白球,204,439,51 - 0.5,162,A - 右边单点,A - 左边白球,204,439,977972,26 - 0.5
R,7,"Rightfully","Mili",,,分开,701 + 751、702 + 751、705 + 751,B - 右边单点^^^B - 左边滑键,B - 右边白球^^^B - 右边白球,357,780,67 + 0.0,701、702、705,B - 右边单点,B - 右边白球,357,780,1675179,34 - 0.5
,,"Shiny","高颖浠",,,分开,465 + 755、465 + 756、465 + 758、465 + 759、465 + 760、465 + 761、465 + 765、466 + 755、466 + 756、466 + 758,A - 左边长条中间^^^B - 左边单点,A - 左边滑键、右边滑键^^^B - 右边单点,547,1028,96 - 0.4,465,A - 左边长条中间,A - 左边滑键、右边滑键,547,1028,2601563,51 - 0.4
,,"星期天","张紫豪",,红色,分开,139 + 328、139 + 329、139 + 330、139 + 331、140 + 328、140 + 329、140 + 330、140 + 331、141 + 328、141 + 329,A - 左边白球^^^B - 右边白球,A - 右边单点^^^B - 右边单点,183,398,67 + 0.0,328、329、330、331,B - 右边白球,B - 右边单点,183,398,1051179,36 - 0.5
,,"I Won’t Let You Go","GOT7",,红色,分开,174 + 374、174 + 376、174 + 377、174 + 374、174 + 376、174 + 377、174 + 374、174 + 376、174 + 377、174 + 374,A - 左边单点^^^B - 右边单点,A - 左边单点^^^B - 右边单点,207,407,55 + 0.0,174、176、177、374、376、377,A - 左边单点,A - 左边单点,207,407,929343,28 - 0.5
,,"We Don't Talk Anymore","Charlie Puth / Selena Gomez",,红色,分开,132 + 157,B - 左边单点^^^B - 左边滑键,B - 右边白球^^^B - 左边单点,77,207,46 - 0.5,157,B - 左边滑键,B - 左边单点,77,207,601353,24 - 0.5
,,"Too Much","Carly Rae Jepsen",,红色,分开,95 + 241、95 + 260、95 + 270,A - 右边白球^^^B - 左边白球,A - 右边长条结尾^^^B - 左边长条结尾,157,319,67 + 0.0,241、260、270,B - 左边白球,B - 左边长条结尾,157,319,750914,34 - 0.5
,,"ME!","Taylor Swift/Brendon Urie",,红色,分开,42 + 169,A - 左边长条中间^^^B - 右边长条中间,A - 右边单点^^^B - 右边单点,137,309,59 - 0.2,169,B - 右边长条中间,B - 右边单点,137,309,735758,29 + 0.4
H,7,"坏女孩","陈嘉桦",,,分开,206 + 503、206 + 504、207 + 503、207 + 504、207 + 503、207 + 504、207 + 503、207 + 504、207 + 503、207 + 504,A - 左边滑键^^^B - 右边滑键,A - 右边长条结尾^^^B - 左边长条结尾,282,721,71 + 0.4,206、207、503、504,A - 左边滑键,A - 右边长条结尾,282,721,1393855,36 - 0.3
,,"BET","Da-iCE",,红色,分开,207 + 277、208 + 277,B - 右边白球^^^B - 右边长条中间,B - 右边连点第 2 个^^^B - 右边白球,195,452,58 + 0.1,207、208,B - 右边白球,B - 右边连点第 2 个,195,452,1074865,30 - 0.5
,,"蹁跹舞(QQ炫舞手游原创音乐)","QQ炫舞手游",,红色,分开,98 + 309,A - 左边单点^^^B - 右边白球,A - 左边单点^^^B - 左边单点,197,443,60 + 0.4,309,B - 右边白球,B - 左边单点,197,443,971267,31 - 0.1
,,"Turn Up","周汤豪",,红色,分开,153 + 398、153 + 414、169 + 398、169 + 414、169 + 398、169 + 414、169 + 398、169 + 414、169 + 398、169 + 414,A - 左边单点^^^B - 右边单点,A - 左边白球^^^B - 右边白球,231,467,60 + 0.0,153、169、398、414,A - 左边单点,A - 左边白球,231,467,1048080,30 + 0.0
A,6,"爱投罗网","罗志祥",,,分开,206 + 295、206 + 296、206 + 297、206 + 298、206 + 300、206 + 301、206 + 295、206 + 296、206 + 297、206 + 298,B - 右边单点^^^B - 左边滑键,B - 左边白球、右边长条结尾^^^B - 左边连点第 2 个,199,600,65 + 0.0,206,B - 右边单点,B - 左边白球、右边长条结尾,199,600,1397426,33 + 0.0
,,"Radiant","TANGRAM",,,分开,261 + 672,A - 左边单点、右边长条开始^^^B - 左边长条开始、右边单点,A - 左边长条中间^^^B - 右边长条中间,415,858,77 + 0.0,261、672,A - 左边单点、右边长条开始,A - 左边长条中间,415,858,1678945,39 - 0.5
*,9,"[A]ddiction","EVO+",20,,分开,189 + 245、189 + 443、443 + 499,A - 左边单点、右边单点^^^A - 左边单点、右边单点,A - 右边连点第 2 个^^^A - 左边连点第 2 个,360,782,84 + 0.0,189、443,A - 左边单点、右边单点,A - 右边连点第 2 个,360,782,2562108,42 + 0.0
,,"两小无猜","小木",,红色,分开,266 + 463,B - 右边白球^^^B - 左边白球,B - 左边单点^^^B - 左边滑键,235,523,66 + 0.0,463,B - 左边白球,B - 左边滑键,235,523,1193660,34 - 0.2
Y,8,"雲を抜けた青空","Da-iCE",,,分开,211 + 562、211 + 563、212 + 562、212 + 563、212 + 562、212 + 563、212 + 562、212 + 563、212 + 562、212 + 563,A - 左边单点^^^B - 右边单点,A - 右边单点^^^B - 左边单点,350,724,69 + 0.4,211、212、562、563,A - 左边单点,A - 右边单点,350,724,1534749,35 - 0.3
P,8,"僕は僕であって","angela/fripSide",,,分开,109 + 179、179 + 402,A - 右边白球^^^A - 左边单点、右边滑键,A - 左边长条中间、右边长条中间^^^A - 左边白球,286,680,66 - 0.1,179,A - 左边单点、右边滑键,A - 左边白球,286,680,1776821,33 + 0.0
W,6,"Wolves","Selena Gomez/Marshmello",,,分开,139 + 465、139 + 466、139 + 467、139 + 468、139 + 469、139 + 479、139 + 480、139 + 481、139 + 465、139 + 466,A - 左边单点^^^B - 右边单点,A - 左边长条结尾、右边白球^^^B - 左边白球、右边长条结尾,365,743,70 - 0.2,139、140、141、142、143、153、154、155、465、466,A - 左边单点,A - 左边长条结尾、右边白球,365,743,1428017,35 - 0.1
,,"Baby Don't Cry","于湉",,红色,分开,273 + 336、274 + 336,B - 右边单点^^^B - 右边长条开始,B - 左边单点^^^B - 右边单点,202,396,64 + 0.1,336,B - 右边长条开始,B - 右边单点,202,396,1034230,34 - 0.4
H,8,"Happy Song","南征北战NZBZ",,,分开,482 + 823,A - 右边单点^^^B - 左边单点,A - 左边长条中间、右边单点^^^B - 左边单点、右边长条中间,599,1094,84 + 0.0,482、823,A - 右边单点,A - 左边长条中间、右边单点,599,1094,1994376,42 + 0.0
,,"flower of sorrow","花たん",,,分开,242 + 862、243 + 862、685 + 862、686 + 862,A - 右边单点^^^B - 左边白球,A - 右边单点^^^B - 右边白球,423,927,75 + 0.1,862,B - 左边白球,B - 右边白球,423,927,1942874,38 + 0.1
,,"捕风","音频怪物/汐音社",,,分开,321 + 718,A - 右边连点第 2 个^^^B - 左边连点第 2 个,A - 右边白球^^^B - 左边白球,373,770,59 + 0.4,321、718,A - 右边连点第 2 个,A - 右边白球,373,770,1408031,30 - 0.3
D,9,"Dear Future Husband","Meghan Trainor",,,分开,227 + 565、227 + 567、458 + 565、458 + 567,A - 右边长条开始^^^B - 左边滑键、右边单点,A - 右边白球^^^B - 右边白球,336,852,64 + 0.3,565、567,B - 左边滑键、右边单点,B - 右边白球,336,852,1926760,33 + 0.0
J,8,"境界の彼方","茅原実里",,,分开,306 + 748,A - 左边单点^^^B - 右边单点,A - 右边白球^^^B - 左边白球,567,1009,63 - 0.4,306、748,A - 左边单点,A - 右边白球,567,1009,1622453,31 + 0.3
S,6,"声音之城","飞儿乐团",,红色,分开,78 + 279、78 + 281,A - 左边单点^^^B - 左边单点,A - 右边单点^^^B - 右边单点,204,407,67 + 0.4,279、281,B - 左边单点,B - 右边单点,204,407,1175295,34 - 0.3
M,6,"莫名奇妙爱上你","朱主爱",,,分开,67 + 518,A - 右边单点^^^B - 左边白球,A - 左边单点^^^B - 左边长条开始,343,664,56 + 0.2,518,B - 左边白球,B - 左边长条开始,343,664,1259105,28 + 0.3
,,"365","Zedd/Katy Perry",,红色,分开,60 + 223,A - 右边白球^^^B - 左边白球,A - 右边连点第 1 个^^^B - 左边连点第 1 个,161,342,65 + 0.0,223,B - 左边白球,B - 左边连点第 1 个,161,342,825870,33 - 0.5
D,8,"等待","黄龄",,,分开,361 + 762,A - 左边单点、右边单点^^^B - 左边单点、右边单点,A - 右边滑键^^^B - 左边滑键,466,867,70 - 0.4,361、762,A - 左边单点、右边单点,A - 右边滑键,466,867,1821959,35 - 0.2
K,10,"克罗地亚第二狂想曲","Various Artists",,蓝色,分开,308 + 779、779 + 1191,A - 右边单点^^^A - 左边单点,A - 左边长条开始、右边单点^^^A - 右边白球,832,1639,97 - 0.2,779,A - 左边单点,A - 右边白球,832,1639,4685599,49 - 0.5
,,"仁心所向","河图",,,分开,435 + 858,A - 右边白球^^^B - 左边白球,A - 左边长条中间、右边长条中间^^^B - 左边长条中间、右边长条中间,529,952,69 - 0.4,435、858,A - 右边白球,A - 左边长条中间、右边长条中间,529,952,1517243,34 + 0.3
,,"工笔","Awaken-F",,,分开,116 + 484,A - 右边白球^^^B - 左边白球,A - 左边白球^^^B - 右边白球,273,641,78 + 0.0,116、484,A - 右边白球,A - 左边白球,273,641,1829431,39 + 0.0
,,"Last One Standing","Simple Plan",,,分开,395 + 643、396 + 643,B - 右边滑键^^^B - 右边长条中间,B - 右边连点第 1 个^^^B - 左边单点,314,839,71 + 0.2,643,B - 右边长条中间,B - 左边单点,314,839,1783987,37 + 0.2
,,"朝代","排骨教主",,红色,分开,77 + 192、77 + 193,A - 左边白球^^^B - 左边单点,A - 左边单点^^^B - 左边单点、右边滑键,166,351,62 + 0.0,192、193,B - 左边单点,B - 左边单点、右边滑键,166,351,956475,31 + 0.0
E,7,"Electroheart","Amaranthe",,,分开,172 + 522、172 + 523、172 + 522、172 + 523、172 + 522、172 + 523、172 + 522、172 + 523、172 + 522、172 + 523,A - 右边白球^^^B - 左边单点,A - 右边单点^^^B - 左边单点、右边单点,258,560,65 - 0.5,522、523,B - 左边单点,B - 左边单点、右边单点,258,560,1323720,33 + 0.0
,,"Loki","BC221",,红色,分开,108 + 280、109 + 280、110 + 280,A - 左边滑键^^^B - 右边长条中间,A - 左边单点^^^B - 右边单点,227,427,55 - 0.4,280,B - 右边长条中间,B - 右边单点,227,427,1014214,28 - 0.4
H,9,"Hypnotic","Zella Day",,,分开,250 + 569,A - 右边白球^^^B - 左边白球,A - 左边单点、右边单点^^^B - 左边单点、右边单点,491,980,77 - 0.2,250、569,A - 右边白球,A - 左边单点、右边单点,491,980,2232758,38 + 0.4
,,"马上上马","庄园",,,分开,280 + 533,A - 左边单点^^^B - 右边单点,A - 右边白球^^^B - 左边白球,375,665,86 + 0.0,533,B - 右边单点,B - 左边白球,375,665,1845602,45 + 0.0
D,8,"DANCE DANCE","Day6",,,分开,373 + 430,B - 左边长条中间^^^B - 右边单点,B - 右边白球^^^B - 右边白球,367,778,65 + 0.0,373,B - 左边长条中间,B - 右边白球,367,778,1638134,34 - 0.4
,,"彩虹","苏醒",,红色,分开,104 + 270,A - 右边长条中间^^^B - 左边长条中间,A - 左边白球^^^B - 右边白球,204,423,68 - 0.4,104、270,A - 右边长条中间,A - 左边白球,204,423,942290,34 - 0.2
C,6,"藏不住","BY2/萧秉治",,,分开,231 + 568、231 + 579、231 + 568、231 + 579、231 + 568、231 + 579、231 + 568、231 + 579、231 + 568、231 + 579,A - 右边滑键^^^B - 右边单点,A - 左边白球^^^B - 左边长条中间,277,654,53 + 0.0,568、579,B - 右边单点,B - 左边长条中间,277,654,1257702,27 - 0.3
,,"I Got You","Bebe Rexha",,红色,分开,142 + 313,A - 左边连点第 2 个^^^B - 右边连点第 2 个,A - 左边单点^^^B - 右边单点,187,407,71 + 0.0,142、313,A - 左边连点第 2 个,A - 左边单点,187,407,881020,36 - 0.5
,,"幸福症候群","nanawoakari",,,分开,382 + 431、382 + 432、382 + 433、382 + 434、382 + 435、382 + 436,B - 左边单点^^^B - 右边连点第 1 个,B - 右边白球^^^B - 右边单点,220,523,67 - 0.5,404、405、406,B - 左边连点第 1 个,B - 左边连点第 2 个,220,523,1501558,34 + 0.0
,,"不念则忘","音阙诗听/赵方婧",,红色,分开,357 + 436,B - 左边长条中间^^^B - 右边长条开始,B - 左边单点^^^B - 右边滑键,265,531,55 + 0.3,436,B - 右边长条开始,B - 右边滑键,265,531,929718,28 + 0.3
,,"我的告白","王栎鑫/周文杰",,,分开,491 + 547、491 + 548,B - 左边连点第 1 个^^^B - 左边连点第 2 个,B - 左边单点^^^B - 左边单点,454,757,74 - 0.5,547、548,B - 左边连点第 2 个,B - 左边单点,454,757,1687248,38 - 0.5
,,"豆你玩","李子璇",,红色,分开,293 + 338、293 + 339、293 + 341、293 + 353、293 + 354、293 + 357、293 + 359、293 + 360、293 + 361、294 + 338,B - 左边单点^^^B - 左边滑键,B - 左边白球^^^B - 右边白球,263,434,112 + 0.0,293、294、306、307、309、318、322、325、326、328,B - 左边单点,B - 左边白球,263,434,1435655,56 + 0.0
,,"Focus","TANGRAM",,,分开,127 + 271、127 + 458、271 + 458,A - 右边连点第 1 个^^^B - 左边连点第 1 个,A - 右边白球^^^B - 左边白球,210,518,65 + 0.0,127、271、458,A - 右边连点第 1 个,A - 右边白球,210,518,1480876,33 - 0.5